train_fraction,risk_free_rate,strategy,total_return,cagr,annual_volatility,sharpe,maximum_drawdown,daily_var_95,daily_expected_shortfall_95
0.7,0.0,Equal weight,0.2603461725828371,0.1667914317190391,0.10737793918348894,1.4904598733194647,-0.06742657990658396,0.010261462548519241,0.01228127422069339
0.7,0.0,Minimum volatility,0.18890622152765157,0.12227270324280815,0.04787737726202637,2.43382382548817,-0.020811312478773436,0.0048389108579050075,0.005791180593980649
0.7,0.0,Maximum Sharpe,0.2055423989772054,0.13271762831941358,0.07644453915968379,1.6686687102460618,-0.03650043786063506,0.0069787675942780455,0.008963640882718312
0.7,0.03,Equal weight,0.2603461725828371,0.1667914317190391,0.10737793918348894,1.215165561368034,-0.06742657990658396,0.010261462548519241,0.01228127422069339
0.7,0.03,Minimum volatility,0.18890622152765157,0.12227270324280815,0.04787737726202637,1.8164020372289604,-0.020811312478773436,0.0048389108579050075,0.005791180593980649
0.7,0.03,Maximum Sharpe,0.2715272780327418,0.173682027575643,0.11685971460539926,1.1760541634009953,-0.06280464345705428,0.012222216373238472,0.01425174537978409
0.7,0.05,Equal weight,0.2603461725828371,0.1667914317190391,0.10737793918348894,1.0360379685956278,-0.06742657990658396,0.010261462548519241,0.01228127422069339
0.7,0.05,Minimum volatility,0.18890622152765157,0.12227270324280815,0.04787737726202637,1.4146600692524522,-0.020811312478773436,0.0048389108579050075,0.005791180593980649
0.7,0.05,Maximum Sharpe,0.39579803121879054,0.24895959165754555,0.19783219821628273,0.9759913957338056,-0.12517090943465592,0.019508933523199122,0.024041863375253242
0.8,0.0,Equal weight,0.1666629985941026,0.1666629985941026,0.10399965799922425,1.5343192002996535,-0.06475730184511252,0.009697837606597218,0.012171666263977178
0.8,0.0,Minimum volatility,0.14484865437362426,0.14484865437362426,0.04928277276896439,2.770097280478915,-0.01887147717792037,0.004970101130931092,0.005911962227053839
0.8,0.0,Maximum Sharpe,0.12731650321443233,0.12731650321443233,0.07256959991170264,1.687862078246545,-0.0287411813137759,0.006644220607263651,0.008371339843635302
0.8,0.03,Equal weight,0.1666629985941026,0.1666629985941026,0.10399965799922425,1.2500823436120898,-0.06475730184511252,0.009697837606597218,0.012171666263977178
0.8,0.03,Minimum volatility,0.14484865437362426,0.14484865437362426,0.04928277276896439,2.1702824927667925,-0.01887147717792037,0.004970101130931092,0.005911962227053839
0.8,0.03,Maximum Sharpe,0.14473190618476361,0.14473190618476361,0.10597037767636551,1.0496037638787588,-0.0526740575275737,0.010791286683076266,0.012522937422925992
0.8,0.05,Equal weight,0.1666629985941026,0.1666629985941026,0.10399965799922425,1.0651360453949967,-0.06475730184511252,0.009697837606597218,0.012171666263977178
0.8,0.05,Minimum volatility,0.14484865437362426,0.14484865437362426,0.04928277276896439,1.7799969896971894,-0.01887147717792037,0.004970101130931092,0.005911962227053839
0.8,0.05,Maximum Sharpe,0.20988739693316893,0.20988739693316893,0.19893318193634107,0.8115723320581352,-0.11968090907415474,0.019607215418708787,0.02346039102092776
0.9,0.0,Equal weight,0.13728285826357722,0.2934122997001718,0.10766878812445284,2.444026064221955,-0.030409843411931536,0.009004682233745287,0.011386768164454766
0.9,0.0,Minimum volatility,0.023109398421874427,0.046752841139169776,0.0490191428144339,0.9565398570747672,-0.018132655545689325,0.005268305346169427,0.005645123966257096
0.9,0.0,Maximum Sharpe,0.05083215039576072,0.10424820830537862,0.06133884229461306,1.6473708960389737,-0.02045123561773443,0.005400737897216373,0.006541868035270777
0.9,0.03,Equal weight,0.13728285826357722,0.2934122997001718,0.10766878812445284,2.169475413088847,-0.030409843411931536,0.009004682233745287,0.011386768164454766
0.9,0.03,Minimum volatility,0.023109398421874427,0.046752841139169776,0.0490191428144339,0.3534992041978888,-0.018132655545689325,0.005268305346169427,0.005645123966257096
0.9,0.03,Maximum Sharpe,0.06849343711626865,0.14167822516053752,0.07431298076763307,1.422457467749501,-0.02775883145416913,0.006008300846677833,0.007747419809603743
0.9,0.05,Equal weight,0.13728285826357722,0.2934122997001718,0.10766878812445284,1.9908317030791505,-0.030409843411931536,0.009004682233745287,0.011386768164454766
0.9,0.05,Minimum volatility,0.023109398421874427,0.046752841139169776,0.0490191428144339,-0.03888529415234667,-0.018132655545689325,0.005268305346169427,0.005645123966257096
0.9,0.05,Maximum Sharpe,0.1024289316545206,0.2153495493489277,0.10323871721139251,1.468283143867933,-0.04301361220002087,0.00855938702048989,0.011321915161118785
