train_fraction,risk_free_rate,Equal weight,Maximum Sharpe,Minimum volatility
0.7,0.0,1.4904598733194647,1.6686687102460618,2.43382382548817
0.7,0.03,1.215165561368034,1.1760541634009953,1.8164020372289604
0.7,0.05,1.0360379685956278,0.9759913957338056,1.4146600692524522
0.8,0.0,1.5343192002996535,1.687862078246545,2.770097280478915
0.8,0.03,1.2500823436120898,1.0496037638787588,2.1702824927667925
0.8,0.05,1.0651360453949967,0.8115723320581352,1.7799969896971894
0.9,0.0,2.444026064221955,1.6473708960389737,0.9565398570747672
0.9,0.03,2.169475413088847,1.422457467749501,0.3534992041978888
0.9,0.05,1.9908317030791505,1.468283143867933,-0.03888529415234667
