Date,Demo_Equity_A,Demo_Equity_B,Demo_Bonds,Demo_Gold,Demo_REITs
2020-01-02,100.00000000,100.00000000,100.00000000,100.00000000,100.00000000
2020-01-03,100.60969673,99.66975784,100.13486393,99.60683727,99.87736118
2020-01-06,102.15503782,100.45798184,100.30344699,100.69976835,100.90433709
2020-01-07,102.35685533,99.41601143,100.28467478,100.59447321,100.34769728
2020-01-08,102.85648206,99.00293904,100.59419382,100.27822775,98.09545608
2020-01-09,104.39194602,101.72451578,100.58846717,99.34586956,99.79618816
2020-01-10,104.41500808,103.60971048,100.47953595,99.46614009,98.31961183
2020-01-13,106.41322905,105.85715139,100.09202619,98.68676042,99.23397773
2020-01-14,107.83573257,106.58897512,100.08934780,99.38853945,99.94061889
2020-01-15,107.49716042,106.71260726,99.67368739,98.36374278,99.81972667
2020-01-16,109.67655370,107.99535763,99.00516631,98.21923738,101.82621881
2020-01-17,108.40821767,107.93272620,99.06541485,98.61939284,100.46829980
2020-01-20,106.79333952,107.35749944,99.36318905,99.37891743,100.27819870
2020-01-21,107.45202800,107.05805226,99.48685539,99.45343936,99.39303956
2020-01-22,108.87774668,106.15737513,99.70265934,100.07134039,99.84521765
2020-01-23,108.06513741,106.67847683,99.22243214,100.10738444,97.87764641
2020-01-24,107.43658308,106.03189333,98.70426873,99.82716082,96.91330290
2020-01-27,108.04288802,106.68713876,98.75680577,100.20080966,97.15395270
2020-01-28,108.34940329,108.58317465,98.62137506,100.00722699,98.63094297
2020-01-29,107.64832134,108.57174155,98.72161690,99.71948537,99.41914747
2020-01-30,108.27408539,108.11569535,99.27276931,100.10559736,97.46420714
2020-01-31,107.01072065,109.70726566,99.64931145,100.76076379,97.95019702
2020-02-03,107.91531416,110.26640147,99.71761945,101.13871784,98.71063277
2020-02-04,107.14400626,109.22403932,99.75415538,100.13468577,98.23008206
2020-02-05,107.49148992,110.94374246,99.78186896,99.51004298,99.72519484
2020-02-06,108.82708883,110.69624373,100.05094175,99.31092713,98.57637794
2020-02-07,109.69757995,110.95029373,99.61572937,100.27920015,96.40841093
2020-02-10,111.82356790,111.13114348,99.14888425,100.03854511,97.28804198
2020-02-11,110.37006999,109.29000625,99.48309914,99.79704533,95.74758493
2020-02-12,109.75767319,108.00940376,99.64429073,99.77322294,94.09656350
2020-02-13,110.53244885,109.20053299,99.75262905,99.52282643,96.42885149
2020-02-14,111.22257231,110.48412927,99.89297637,99.15722305,96.87067486
2020-02-17,110.17521238,112.47410475,100.19004789,99.02308714,96.76764139
2020-02-18,112.67118488,112.97031563,100.17512647,99.97931772,97.69966081
2020-02-19,113.41460211,114.87932152,100.08108762,101.02152461,97.29510945
2020-02-20,114.37482171,115.72291793,100.49145876,100.47949904,98.23503647
2020-02-21,115.58025156,116.73976512,100.59114392,99.82538961,100.39561749
2020-02-24,116.41428039,117.50233189,100.60549109,100.45649152,100.49178980
2020-02-25,116.32553731,116.63024000,100.85769557,100.83541813,101.44297430
2020-02-26,118.26990848,117.68187521,100.68967838,101.46181521,103.59821080
2020-02-27,117.91629671,115.67598169,100.16831985,101.99026481,103.31162125
2020-02-28,118.81465044,117.00316761,99.61010380,102.35448361,105.63716218
2020-03-02,116.17494073,116.36440185,100.00491193,101.26675674,103.39007752
2020-03-03,117.65657331,115.58758821,99.88217948,99.42965433,103.09584503
2020-03-04,118.33464131,115.45379818,100.35192857,99.43302458,102.58204025
2020-03-05,117.84507979,116.91611744,100.41371461,98.35941962,102.13920959
2020-03-06,118.03518826,116.90789116,100.65244800,97.92122715,100.66467566
2020-03-09,117.53034122,117.21776754,99.95569732,98.42506364,100.15822127
2020-03-10,119.28388701,118.62238366,100.49504442,98.20402755,102.15826552
2020-03-11,119.84329469,118.82746178,100.63932721,98.00675111,103.16876733
2020-03-12,118.76519450,117.53024440,101.33684332,96.13310371,101.47412052
2020-03-13,122.83651648,122.33852052,101.70777763,97.42359824,104.68887268
2020-03-16,124.08800084,122.91149219,101.77906999,97.34304640,106.52980773
2020-03-17,124.07405056,122.22346395,102.18050074,97.66891321,107.17902675
2020-03-18,124.66088728,121.32649845,102.11900829,98.57109298,105.82488445
2020-03-19,123.69835349,122.35029860,102.28311197,100.51486961,105.62643799
2020-03-20,122.20093053,121.68248975,102.40360377,98.27210429,104.89584496
2020-03-23,122.12981287,122.37592567,101.95948679,98.26695504,104.02902023
2020-03-24,122.46558793,121.36314450,102.03971171,99.48356318,103.64133916
2020-03-25,124.21730445,122.98307707,101.90696154,100.10248065,107.12412961
2020-03-26,124.25884907,122.68576269,101.90216861,99.82731090,107.07450551
2020-03-27,122.97208340,119.92680242,102.12245971,99.57112392,105.60929497
2020-03-30,121.42975124,117.17473521,102.51617679,99.46370899,104.11918849
2020-03-31,121.73348188,116.71107951,102.63374611,98.92910894,104.67788255
2020-04-01,122.15198943,117.48771510,102.23693762,98.98361256,103.20132817
2020-04-02,123.67935253,117.74884994,102.42700248,100.12753180,104.45821095
2020-04-03,122.89585873,117.87721023,101.78767442,99.34523903,104.37142171
2020-04-06,122.83049303,118.75740589,102.26561268,98.58713601,104.51039711
2020-04-07,123.23855667,120.02130509,101.87711887,97.71316824,106.92354918
2020-04-08,123.49029484,118.74869491,102.05837529,99.20040127,107.16257012
2020-04-09,124.66010185,120.63740783,102.41829597,100.60570189,109.19010937
2020-04-10,125.92846110,122.14601492,102.31930931,100.97021308,109.76821580
2020-04-13,125.39768740,122.02311349,102.36108035,101.03946686,109.31308560
2020-04-14,125.04350267,119.83989366,103.01900982,101.14504053,110.14938493
2020-04-15,123.50874784,121.29725837,102.79126234,100.49850955,108.53288686
2020-04-16,124.08172224,122.66170307,102.48874876,100.49440810,107.24880760
2020-04-17,122.22062169,119.05958699,102.47952129,99.61141276,104.47879098
2020-04-20,123.31337062,119.77751493,101.99657860,99.82915451,103.53994773
2020-04-21,121.65336285,117.77949216,102.13219641,99.24939218,103.29202902
2020-04-22,123.07503543,118.47167021,101.80722059,98.07669814,102.88045614
2020-04-23,124.96604621,117.85557225,101.98010194,98.66612224,102.73150423
2020-04-24,123.90057353,117.75424040,101.99823033,98.40413052,103.14895955
2020-04-27,125.15266616,120.12677523,102.64320072,99.39201615,104.03107587
2020-04-28,124.11984716,117.35601223,102.72661318,100.33135263,103.02094846
2020-04-29,124.40428199,117.72814662,103.15179628,99.85600454,106.49701749
2020-04-30,123.27731339,119.07938924,103.60406604,100.05435688,105.47448436
2020-05-01,122.28915206,117.43028032,103.78565897,99.03692821,104.28299095
2020-05-04,122.48320333,118.00318444,104.14227744,98.45156998,103.78333110
2020-05-05,125.49134243,119.23726430,104.04564167,99.04260636,104.69757598
2020-05-06,126.79993111,120.53560267,103.44448642,99.92496988,104.68102333
2020-05-07,128.43182106,121.24622397,103.22838964,99.57535197,105.52387546
2020-05-08,129.63474234,120.74065284,103.23924916,99.28127627,105.73248989
2020-05-11,129.60241612,120.21055414,103.91144521,98.33534587,106.21409668
2020-05-12,128.44369934,120.47990776,103.53168882,97.07024596,104.60844468
2020-05-13,131.18297869,123.37143233,103.32525171,96.59883383,105.05547116
2020-05-14,132.96645239,124.75457020,103.10343242,97.16376443,105.25072523
2020-05-15,132.23300441,128.24420793,103.32916916,96.19330535,105.95245030
2020-05-18,131.88563623,127.89230225,102.67101465,96.33023735,105.75747603
2020-05-19,134.14264927,130.56090951,102.31564667,95.70979522,105.26976484
2020-05-20,133.05694000,130.28599274,101.82146492,94.74397115,103.52480219
2020-05-21,135.78763710,135.06052434,102.31031169,93.97274766,107.17564288
2020-05-22,134.64919660,137.52775029,102.08049826,93.69428195,106.87296945
2020-05-25,135.16916250,139.33247950,102.09307082,92.36420984,106.39159270
2020-05-26,135.17343735,139.87228817,102.13688423,91.52080407,106.29784158
2020-05-27,134.30807004,135.98778562,102.19983198,90.93548681,105.91534371
2020-05-28,136.00428526,137.27461506,101.91848899,90.93987363,105.71737991
2020-05-29,136.85297302,137.06647009,102.23221395,90.68614591,105.72529093
2020-06-01,137.25059593,137.86883388,102.69205561,91.00330059,105.61962716
2020-06-02,137.30115057,138.95378099,103.37786491,90.79740358,104.44462955
2020-06-03,137.59647319,138.59751852,103.50644243,90.61067152,104.29646597
2020-06-04,138.79297389,140.68550897,103.95112634,90.29245376,105.12984769
2020-06-05,138.88493415,140.07781507,103.75202050,90.11000519,104.83537265
2020-06-08,141.03254614,142.59866092,103.65750127,90.27206103,107.10638960
2020-06-09,141.67172185,143.95437543,103.59639805,90.88316612,107.88776876
2020-06-10,143.14488012,146.20929698,103.57612012,91.82796856,110.47489785
2020-06-11,147.90541445,147.27865880,103.35424492,91.26226286,111.99392406
2020-06-12,148.65271556,151.83465161,103.53470629,91.22800312,113.18682399
2020-06-15,148.87286394,149.28594795,103.65347431,92.09818970,114.31288551
2020-06-16,150.40267092,152.25986413,103.61355846,92.65383152,115.49774927
2020-06-17,148.16097069,151.46046255,103.43223546,92.84842351,114.06349105
2020-06-18,146.29858769,149.41958998,103.83821957,92.56856883,113.21592720
2020-06-19,148.51220433,152.05287666,104.49234682,92.49521379,115.66094899
2020-06-22,151.11804368,152.68777971,104.49427963,91.70539932,114.68961241
2020-06-23,149.73775119,150.90665583,104.26476262,91.15413966,113.88881990
2020-06-24,153.26761373,156.27900434,103.69898847,91.72537047,117.43957733
2020-06-25,150.92043362,154.10844207,103.94853278,91.98411375,116.67128018
2020-06-26,151.65527706,152.72110878,103.95653011,93.31992287,117.58662732
2020-06-29,150.07811260,151.75150391,104.44385450,93.20621079,118.95654441
2020-06-30,149.53990159,152.46614915,105.02552302,94.02081184,119.52581256
2020-07-01,152.33621105,153.49446569,104.61097323,93.26980784,120.26589433
2020-07-02,150.56656983,152.71073748,104.79558577,92.92173759,120.41950648
2020-07-03,148.56068866,151.88695664,105.05404204,92.46717659,118.36484225
2020-07-06,147.39941563,150.75701060,105.22671200,91.70921437,117.68668235
2020-07-07,144.74681421,150.28558040,104.49540911,91.62189747,116.60468752
2020-07-08,140.57617362,147.17992225,104.63322791,91.93678994,114.92467399
2020-07-09,142.89927256,148.40378018,105.17931939,92.20779276,115.87865112
2020-07-10,145.02273838,150.61616144,105.15181150,91.50275394,117.98495409
2020-07-13,145.10978744,149.32998935,105.21743026,91.85811053,116.70706362
2020-07-14,147.44919260,149.93462921,105.35798958,91.55093912,118.52109457
2020-07-15,148.59445364,149.82885903,105.51133305,90.08575572,118.74747116
2020-07-16,144.29169055,144.81402864,104.86537653,89.84491687,116.76490796
2020-07-17,144.37257176,145.39807106,104.62391420,90.91124302,117.13175301
2020-07-20,145.06842625,144.37363072,104.45731507,91.91638894,119.68104169
2020-07-21,147.61437760,147.64955362,104.28191198,91.72805773,122.88590019
2020-07-22,148.81520461,149.39143418,104.29698642,92.29681461,121.72448856
2020-07-23,148.05836974,151.99842140,104.32942629,90.74799161,122.46157726
2020-07-24,148.45059727,147.55953022,104.63030487,90.15613771,121.91040945
2020-07-27,152.23723575,149.41750001,104.38816869,90.11891520,122.23832739
2020-07-28,154.89485576,151.84619153,104.42331664,89.97829968,124.25613515
2020-07-29,155.34000469,153.93973423,103.79793941,88.83766021,124.29834756
2020-07-30,153.28243099,148.68447026,103.29587776,88.99563112,122.71753141
2020-07-31,153.26579187,148.99821819,103.46975920,88.81794340,122.74846024
2020-08-03,150.96649286,151.13220741,103.60124446,89.02669216,122.90358163
2020-08-04,152.68263567,150.47761446,103.62729315,89.34406827,123.27102570
2020-08-05,149.86749347,149.16026346,103.97122731,89.56082120,122.99336805
2020-08-06,152.00698000,148.31272532,104.05581821,90.58992476,121.85856252
2020-08-07,151.66735546,149.05449094,104.71512401,91.11353883,123.68287184
2020-08-10,149.92431338,148.39676498,105.08927319,90.73223275,122.64857300
2020-08-11,153.38287774,152.74558369,104.95522325,89.63880124,124.55820454
2020-08-12,154.64495245,150.24550832,105.21493078,89.00869374,124.78515380
2020-08-13,156.80304478,152.67078937,105.84284851,89.54904190,124.73041944
2020-08-14,155.70781894,151.45256394,105.62063490,89.84968803,123.87878906
2020-08-17,155.47890401,150.32851013,105.54484799,89.97625449,125.07529728
2020-08-18,157.52968596,153.34064499,106.05795661,89.88349826,126.86261458
2020-08-19,156.58933226,149.98906940,106.10538171,88.74337966,124.00449188
2020-08-20,157.37449881,150.54989482,105.85263178,88.89299409,123.32134186
2020-08-21,156.09850190,152.63753824,106.35019417,89.96330848,125.39876206
2020-08-24,158.15603824,153.60099200,106.42076137,90.62255275,124.93491307
2020-08-25,158.51973847,154.69103310,107.15260756,90.06543798,123.84333222
2020-08-26,161.08724923,157.71362908,107.78306321,90.29021089,125.27084158
2020-08-27,162.17995711,157.67340110,108.13399826,90.56983066,126.55610235
2020-08-28,161.72798839,157.09485322,107.57454853,89.69784438,124.84966040
2020-08-31,160.45205258,156.15714212,107.91780467,89.22355321,125.85527801
2020-09-01,161.68636123,153.75900439,108.01035716,89.26159155,128.00913313
2020-09-02,163.10474923,151.56307054,108.08283490,88.46576195,127.79734602
2020-09-03,163.05131895,151.18829413,107.78759307,89.47375996,128.20857357
2020-09-04,164.56613509,152.11563436,107.73548183,91.01096748,131.02371202
2020-09-07,164.44438490,150.49978423,107.66484466,89.93481461,132.21135216
2020-09-08,163.60914031,149.37102599,107.59176348,90.22391829,130.78133308
2020-09-09,162.83542954,151.00021461,107.96495430,90.56219906,130.37113368
2020-09-10,162.94157350,151.27032934,108.42969931,89.66024707,131.20050594
2020-09-11,162.03757734,146.52413399,108.19687774,90.69260981,131.85113033
2020-09-14,163.61972830,145.30649570,107.71168018,91.71159994,131.43935246
2020-09-15,164.64634525,143.91001175,107.63379961,91.49981153,132.46844718
2020-09-16,164.24525624,142.30160679,108.38724612,91.82461519,131.31019256
2020-09-17,162.83305945,140.18991644,108.04553707,91.79299396,130.79687483
2020-09-18,162.26749049,142.07071670,108.61477404,91.96260018,131.29608453
2020-09-21,158.79656221,141.36395019,108.73740593,91.38347924,129.59946867
2020-09-22,159.80122463,144.10675749,108.94152500,92.35630558,131.68300600
2020-09-23,158.76775618,143.13784763,109.03009260,91.75618758,131.84422175
2020-09-24,159.60820563,144.51031894,109.23318058,91.93923078,132.17712157
2020-09-25,159.50197123,144.59401538,108.89128166,91.99017855,134.19495587
2020-09-28,157.82890448,142.20288102,109.17808344,90.98656710,135.64592730
2020-09-29,155.74618181,137.88115897,109.00097930,89.02579211,133.92676311
2020-09-30,154.15014036,136.17990986,108.82845186,88.87177921,133.72136070
2020-10-01,153.33565145,136.34480556,109.35733657,87.08491875,134.71407341
2020-10-02,151.38975277,135.35359186,109.74291862,86.52323828,133.25707114
2020-10-05,152.12251785,138.34643716,109.34347423,86.88329138,133.41195032
2020-10-06,152.55473359,137.71508835,109.17854932,86.69248080,134.51561806
2020-10-07,151.09303222,136.27791769,109.14238158,86.55746500,132.69711487
2020-10-08,152.05568844,137.23123077,109.53974919,86.14990311,134.98064574
2020-10-09,149.48823524,137.16836804,109.55881320,85.99409522,135.72339126
2020-10-12,147.24909658,133.56530207,109.43925605,85.27049224,133.89112333
2020-10-13,148.93096556,132.91665572,109.43789322,84.87238152,133.02338525
2020-10-14,152.88620376,136.20773876,109.52428400,84.25556140,135.99872544
2020-10-15,153.17777481,137.05429388,110.22186046,83.19782596,133.63457290
2020-10-16,153.99717418,137.91146609,110.87883428,82.26971268,136.51070421
2020-10-19,152.91628749,137.92028275,110.25419415,82.34214726,136.13169352
2020-10-20,151.90207292,137.99707872,110.42256261,81.71709451,136.12718182
2020-10-21,153.05035107,135.51243863,110.38252822,82.72500927,134.28468518
2020-10-22,151.88742093,134.50420532,110.90271402,82.21824524,132.54835629
2020-10-23,153.35042264,131.72705781,111.24746887,82.46138788,134.15237440
2020-10-26,154.61234729,131.60018324,110.94625139,81.64790015,135.21539674
2020-10-27,154.68459440,130.32454351,111.14208535,80.79317259,132.87213235
2020-10-28,157.54947523,133.65540899,110.52787770,80.31190192,136.80767588
2020-10-29,154.68476476,132.86160556,110.82106164,81.22991614,134.81129720
2020-10-30,154.41397156,135.45684917,111.86803337,80.35155838,136.45883236
2020-11-02,155.90183683,137.65131066,111.78343521,80.28945443,137.84775958
2020-11-03,155.96427002,137.69876114,112.16812886,78.67197094,138.89182940
2020-11-04,156.27692719,137.35455844,111.87253733,77.97119069,138.52810066
2020-11-05,153.81314339,137.59996242,112.50219948,79.69407408,138.75388103
2020-11-06,153.56883174,134.96199111,112.68968138,79.80252994,140.82783382
2020-11-09,153.55614446,136.45686802,112.90603714,79.56784510,141.70662021
2020-11-10,155.07024206,137.89593321,112.88643349,79.67757846,140.83178364
2020-11-11,153.30044892,135.88652717,112.89923351,79.98312531,139.93307089
2020-11-12,154.72877431,135.78898709,112.30186893,80.44568289,139.49005026
2020-11-13,155.24226392,136.26422113,112.19462509,80.18985958,138.41472469
2020-11-16,158.72921798,135.97566827,112.41559883,79.25606692,139.30682257
2020-11-17,161.52067350,139.31173505,112.95270331,80.08995230,142.60324856
2020-11-18,162.98877249,139.06665085,112.62622082,80.00164511,145.48805843
2020-11-19,158.89799771,134.07815557,112.47149770,79.86964255,143.31731342
2020-11-20,160.82456805,135.61183850,112.40659933,80.01925854,142.80712079
2020-11-23,160.89750299,133.79984442,112.59138133,79.02929906,144.69479373
2020-11-24,161.17321728,132.14881475,113.23818942,78.45133563,144.54661372
2020-11-25,163.87068507,132.88235919,113.35414278,78.31270242,145.95519968
2020-11-26,164.11824766,132.53430109,114.08986040,77.83082627,146.15655314
2020-11-27,166.08717921,133.60894936,114.12123139,76.12424597,148.99635641
2020-11-30,166.66361844,134.90256914,114.13426461,76.23917233,148.79802528
2020-12-01,170.23069803,138.19518091,114.04329736,75.69955793,151.16651932
2020-12-02,168.11602390,136.88777118,113.70795198,75.31479136,151.51249176
2020-12-03,166.56049840,133.91731176,113.45161985,74.96106073,151.06054685
2020-12-04,169.24242175,136.02327170,114.13841081,74.59633146,153.10337368
2020-12-07,169.86675626,137.64157746,114.22033868,75.27896640,155.15385525
2020-12-08,170.49766483,138.46750739,113.93888487,75.66142181,154.59504894
2020-12-09,168.29709950,135.72864308,114.50019422,74.63056634,151.15123713
2020-12-10,172.23141632,136.08245173,114.21488780,74.43364827,153.60895058
2020-12-11,170.33556068,134.40521534,114.09817809,74.02982546,151.05509493
2020-12-14,168.32966715,132.54098305,113.67379174,74.69827801,152.07115945
2020-12-15,166.76710343,132.85294138,113.79371751,74.90604694,149.70808742
2020-12-16,163.49299379,132.43801894,113.64590960,74.51439748,148.60416308
2020-12-17,163.21401815,131.22017626,114.64301922,75.08350341,149.44833390
2020-12-18,163.84117589,133.01434510,114.21210980,74.57095428,150.05579957
2020-12-21,165.53515952,134.02302856,114.57737188,76.03171354,149.75330796
2020-12-22,164.23734940,133.78659650,114.86468902,75.59510971,150.11183950
2020-12-23,166.65955227,134.74472734,114.69790111,76.01784142,151.53701067
2020-12-24,165.46440682,133.34083135,114.95241811,75.23220853,155.12637174
2020-12-25,164.58721064,133.19192511,114.92234072,75.81127396,156.89316381
2020-12-28,164.98859924,134.68088374,114.39185937,76.29669710,157.76165726
2020-12-29,164.65587643,132.83533453,114.99783649,77.12509438,158.47677713
2020-12-30,167.73402430,135.19886545,114.37900811,78.35552776,158.76546750
2020-12-31,167.32615591,132.60829968,114.50779260,78.71078599,159.70696277
2021-01-01,167.11791460,132.49274878,113.91535448,78.32488358,159.72656415
2021-01-04,169.58136004,135.38084248,113.65064743,77.73205154,162.81603519
2021-01-05,168.23220173,135.69721492,114.03724729,76.68738755,164.09903351
2021-01-06,167.53110507,135.00369670,113.99193754,74.93134714,162.46923480
2021-01-07,166.61979544,131.74810449,113.36961611,74.89118249,159.56199414
2021-01-08,165.41479588,128.43056133,112.94951324,74.57378722,155.84441685
2021-01-11,160.89941237,123.65316845,113.36836652,75.28171068,152.76938166
2021-01-12,158.35670730,122.72977864,113.01246222,75.36969869,149.65475725
2021-01-13,158.98194865,121.64498558,112.95810657,74.70393998,148.66971881
2021-01-14,160.33194123,123.83494826,113.63337059,74.11306026,148.03816389
2021-01-15,161.90219907,127.20991634,112.82891769,74.55579588,148.81727498
2021-01-18,164.73544736,129.77352541,112.90422926,75.25912100,150.48784528
2021-01-19,163.15579595,127.26914147,112.72256740,74.44535317,146.78001784
2021-01-20,161.77633776,128.29198995,112.51593620,74.11016141,145.18957243
2021-01-21,164.98197779,128.11072899,112.55127303,74.21697545,145.96246489
2021-01-22,164.12102074,128.38989497,112.29042822,72.95823822,144.41574496
2021-01-25,163.15614802,126.59923094,111.71497101,74.82623460,139.96969225
2021-01-26,162.58041097,123.61941169,111.45515195,74.63459421,138.62075997
2021-01-27,163.31485943,126.10910141,110.65281360,76.94911521,138.14323787
2021-01-28,163.63327038,126.52298755,110.78562852,77.90935507,141.74734132
2021-01-29,167.00573842,128.55040763,110.71125839,76.36796355,142.24532173
2021-02-01,166.46912844,130.92708702,110.34854781,76.53071004,144.51722264
2021-02-02,166.88212696,130.18130589,110.06793737,75.79647394,145.49913898
2021-02-03,168.48073058,132.79079133,109.50144894,75.03333037,147.03177280
2021-02-04,170.94387473,133.70035508,109.93833912,74.34946813,147.67794167
2021-02-05,169.68125163,129.20383687,109.72593512,74.17645349,147.50705525
2021-02-08,170.10115041,129.15463892,109.55353676,74.26288332,149.00831190
2021-02-09,171.24521628,130.70646166,110.09752055,73.24476440,149.01923245
2021-02-10,170.99713895,131.83245710,110.62859873,73.52804356,148.54239004
2021-02-11,170.52883357,134.29252313,110.36744361,74.32690160,149.87939400
2021-02-12,169.30780040,134.64263819,110.81228457,73.30189110,152.40342085
2021-02-15,175.89345692,136.30664501,110.76873780,73.79380242,159.24113654
2021-02-16,176.76378023,136.77689280,110.60614008,72.80718690,159.14685356
2021-02-17,173.86928987,136.26030973,111.07400137,72.88929383,161.31013442
2021-02-18,171.50784778,138.22928057,111.47667544,72.56879360,159.41147776
2021-02-19,170.83167421,137.58995560,111.68661474,71.91648186,158.15493314
2021-02-22,172.61751825,137.42904945,112.02346864,72.15977770,159.51713002
2021-02-23,169.37577537,137.71583965,111.84532092,73.05231820,160.58746034
2021-02-24,170.32711867,137.86065028,112.19982086,72.48732929,159.84532661
2021-02-25,171.62447850,138.55170407,112.22784322,72.99290259,159.97157216
2021-02-26,171.95838772,139.76513978,112.09981566,73.22426502,164.83200471
2021-03-01,166.66080859,138.25085855,112.71357203,73.96070427,163.66142226
2021-03-02,164.16831084,135.10854114,112.34084984,74.00000633,164.05227082
2021-03-03,165.93105587,135.90178114,112.59308247,73.33790736,165.11359313
2021-03-04,167.87362192,135.42171642,111.74061933,73.46453829,164.88350980
2021-03-05,166.04868485,133.00381227,111.57313744,73.09800389,163.62782400
2021-03-08,162.22113214,134.52836835,112.39667679,74.14934609,162.82717728
2021-03-09,159.20343739,133.11439725,112.97654564,74.15107734,162.27364292
2021-03-10,159.53605043,131.60284243,112.98424794,73.74275758,163.34951832
2021-03-11,159.34859693,131.66220709,113.63617353,73.01248114,166.15501735
2021-03-12,157.79576327,131.38008469,114.13613693,71.42001248,164.44756005
2021-03-15,159.56566084,130.84047476,113.60458125,70.39092345,166.20435259
2021-03-16,160.60812876,129.06925490,113.64465157,70.26546997,167.29069270
2021-03-17,158.70601125,126.42446092,113.74378956,70.11195741,166.23806094
2021-03-18,161.12731055,125.49531044,113.95704038,69.72153427,168.77817544
2021-03-19,160.75305880,123.72420065,113.94835811,69.47476175,167.83465735
2021-03-22,164.11953991,126.98907001,113.70745613,70.15419553,169.23121383
2021-03-23,159.86466456,125.30247300,113.61486305,70.24652837,169.09448506
2021-03-24,161.58324766,124.93377357,113.56542643,70.31175099,170.15596809
2021-03-25,161.99363978,126.67786052,113.65610445,70.51448076,168.05268887
2021-03-26,164.64379241,129.64600891,114.11448631,70.59614163,170.62459054
2021-03-29,162.04324634,130.11815280,114.43989520,70.78331926,168.85339075
2021-03-30,163.27616710,130.12089548,114.40197540,70.36181234,170.77966177
2021-03-31,162.34061964,130.07787061,114.71202740,70.12409269,165.72686134
2021-04-01,164.76969288,131.77763727,114.57695247,70.38213630,165.86312042
2021-04-02,162.28142452,132.26291542,114.53011209,70.73344250,165.35464882
2021-04-05,162.84165172,133.73876498,114.23941320,70.22496505,166.45079187
2021-04-06,165.01306128,134.81536783,114.10919777,70.90962424,167.58326126
2021-04-07,164.20371149,138.14845313,114.39457228,70.95240075,169.63159976
2021-04-08,164.29864836,139.81082863,114.35577440,71.01815051,170.31348122
2021-04-09,161.05620975,135.92826895,114.12031749,71.85980093,167.43799130
2021-04-12,163.71709175,138.38613621,114.95355025,71.85815113,169.59949044
2021-04-13,162.49845806,137.29441022,115.03432084,71.63171452,167.46721193
2021-04-14,161.25796300,138.04341350,114.97947855,71.30471497,165.44853789
2021-04-15,161.69689893,139.38949385,114.52691805,70.89901337,165.36936654
2021-04-16,164.23653536,139.54366455,114.24985941,71.14014722,168.76367064
2021-04-19,166.68439712,143.75898078,114.32707381,70.63897096,168.97366345
2021-04-20,166.62064027,145.40715137,114.98314650,69.43132105,169.89319406
2021-04-21,169.02298178,146.79102966,115.31817914,68.72516627,169.61450217
2021-04-22,170.42094567,145.79123012,115.58969992,68.88841382,169.81731682
2021-04-23,170.22512034,148.13189985,115.94349644,67.77737578,172.31497499
2021-04-26,171.43755605,149.09222475,115.55201351,68.36154789,174.52185518
2021-04-27,171.73035626,147.39105092,115.01405250,68.88382586,175.90944156
2021-04-28,171.60383431,147.21715278,114.73322034,68.31548269,175.44346057
2021-04-29,173.79176873,149.02604842,115.64575337,68.47942856,178.74900738
2021-04-30,173.88811328,148.93004323,116.64984169,67.97302980,179.56744225
2021-05-03,175.01909797,147.38359562,116.22239779,68.41257381,176.68408591
2021-05-04,175.99242561,147.17402364,115.37333402,67.70476682,177.62158861
2021-05-05,178.51415167,149.00842244,114.83628283,67.57964881,177.72907432
2021-05-06,173.69052004,147.52469741,114.50390958,66.79009748,174.28816819
2021-05-07,172.49923224,145.28622733,115.11583834,66.12375510,173.87591428
2021-05-10,172.30313255,148.02837512,115.30078839,65.82254423,178.82061293
2021-05-11,173.42003332,148.14871145,115.80856722,66.77535933,181.53053352
2021-05-12,173.71920291,146.17353899,115.44436480,66.22729428,181.97332956
2021-05-13,174.18819908,146.74368578,115.25828174,66.12143927,179.93753195
2021-05-14,176.13195910,144.79504645,115.04453705,66.22054153,180.30595158
2021-05-17,175.58495002,142.37772493,115.38683893,66.68637239,179.03882582
2021-05-18,172.27895271,142.69697189,115.75896795,65.72725384,176.36963346
2021-05-19,173.74269243,144.40817791,115.81832441,65.11982276,174.44258683
2021-05-20,174.48991363,145.10699210,116.06126351,65.78410883,170.65559342
2021-05-21,170.94739250,145.14207982,116.56642608,65.10636032,170.19672191
2021-05-24,171.39932666,143.98900134,116.12380391,65.81876236,170.02129602
2021-05-25,173.00038184,144.44191057,115.43643173,65.21043206,172.32258455
2021-05-26,172.64363506,143.30727675,115.73805221,66.47869443,172.47297720
2021-05-27,170.23371402,143.18233461,115.97208536,67.39894478,170.76095572
2021-05-28,172.45539012,143.78925986,115.70835632,67.31072890,171.54544558
2021-05-31,176.18309306,147.81089266,115.57815224,67.15709550,174.48423901
2021-06-01,179.21893564,149.33476910,116.11894079,66.94333088,176.93391008
2021-06-02,181.06905146,151.51364259,115.75936633,66.37160158,179.44446774
2021-06-03,180.64028285,147.96317758,115.37632975,65.87459951,178.73198159
2021-06-04,178.81289965,146.90438513,115.17839822,65.81579053,180.25455958
2021-06-07,177.46876810,145.20180576,115.12743773,65.98101128,179.77421461
2021-06-08,176.23178988,143.39829191,114.68210851,67.01318823,177.67182107
2021-06-09,177.29165461,143.09226781,115.11140475,68.19981593,177.70479973
2021-06-10,178.79042746,144.08443168,114.70395482,69.53188536,179.19650047
2021-06-11,178.69389804,146.03674957,115.09814298,70.05857157,182.68060369
2021-06-14,177.50990221,145.03474889,115.25163290,69.41214064,181.74713339
2021-06-15,182.45087964,148.34318183,115.77554056,69.64399274,186.65177404
2021-06-16,178.47099678,145.73603809,116.06479471,70.32104636,185.23697598
2021-06-17,177.15818540,144.53406521,116.06386121,70.31349971,183.38779372
2021-06-18,175.55961037,142.46782979,115.93343560,70.17146258,181.30681550
2021-06-21,177.77033146,144.28428676,115.93904745,70.19136051,182.05030414
2021-06-22,178.89019975,143.44451490,116.05104365,70.72254811,186.13785822
2021-06-23,174.76845950,139.58692040,115.97630535,70.62602455,182.61210787
2021-06-24,173.86692541,136.38320000,115.60447574,71.79665280,179.86470560
2021-06-25,175.79349338,136.66401548,115.33682077,71.31823888,183.84108357
2021-06-28,175.09153683,135.13648283,115.17116922,71.15402758,179.32942557
2021-06-29,175.59651615,135.66309849,115.45595291,70.78071802,178.76705591
2021-06-30,174.59595903,134.09849641,115.73920600,69.39630687,179.17613240
2021-07-01,174.84389469,133.76958442,115.37786149,69.36644201,176.59238183
2021-07-02,175.12951986,133.57904735,115.96946374,69.60376067,176.12671974
2021-07-05,172.97450504,132.79535176,115.58036062,69.55076416,176.01030436
2021-07-06,173.55883201,135.28068078,115.89993303,70.74374247,178.20265159
2021-07-07,177.30970952,137.35679149,115.78949414,70.43123771,178.61732760
2021-07-08,180.51793519,140.03059148,115.71475076,71.13588433,179.33055626
2021-07-09,179.43661418,138.43680361,116.09778173,70.81493930,179.09730575
2021-07-12,176.20458622,135.34991313,115.88458921,70.04030460,176.54096058
2021-07-13,176.56423618,132.59088668,115.93933426,70.52072511,177.71900408
2021-07-14,175.74474676,135.37911842,116.09046475,70.84065741,182.05664603
2021-07-15,180.94590354,138.95511362,116.33811599,70.94397737,184.42892574
2021-07-16,182.69385240,139.04763468,116.00393269,70.72099092,185.00903043
2021-07-19,184.26747340,140.51142463,115.72730489,69.92470210,184.75200634
2021-07-20,187.91304266,143.03227497,115.60249286,70.35633295,187.67913143
2021-07-21,190.24057245,143.64886177,116.34860569,70.85988821,191.78094597
2021-07-22,192.38817916,144.27742161,115.88538525,71.77733613,195.67110698
2021-07-23,193.09451672,145.68997112,116.52087487,71.87425012,196.90685589
2021-07-26,192.93917783,142.78180530,116.39544101,70.84367061,195.64422183
2021-07-27,193.99368132,145.80467529,116.48647047,71.74451302,194.21921096
2021-07-28,189.78526360,142.28818536,116.94200223,71.26491162,190.16490307
2021-07-29,191.68519378,143.30180320,116.29751179,70.84106768,191.83298092
2021-07-30,189.68091193,141.19910377,115.78582897,71.06351585,191.64242553
2021-08-02,190.11628760,139.88974539,116.42939257,70.19789435,193.64488187
2021-08-03,192.08139986,139.42405173,116.38284370,70.93396816,194.85574079
2021-08-04,192.42021721,141.03254718,117.08707376,70.37248831,194.42596559
2021-08-05,193.44454546,140.67749056,117.60639505,69.90611919,193.43848198
2021-08-06,189.45710683,138.43383830,117.70292153,71.08527889,188.81178632
2021-08-09,193.44581726,138.73012003,117.77590883,71.90275174,192.09717288
2021-08-10,192.75275752,135.98421461,117.49657275,73.00998247,190.51497621
2021-08-11,198.13899985,135.81186295,117.52996182,72.04627501,194.06059812
2021-08-12,198.60021439,134.61833956,117.39610447,71.53991051,196.75264937
2021-08-13,195.17346955,132.03404967,117.52851891,72.21785415,194.06417402
2021-08-16,193.34104634,132.56668996,118.19897883,71.78541600,194.54978951
2021-08-17,192.24115991,129.76076232,118.29669775,71.50157366,192.94351253
2021-08-18,190.32458925,128.72961234,118.62123444,71.65263163,193.65243674
2021-08-19,189.77478340,129.44239280,118.72399024,72.39313845,191.49079469
2021-08-20,187.05457449,127.87515812,119.43282438,70.59115392,189.57550620
2021-08-23,185.21607493,124.56357129,119.67351068,69.89560201,190.55193449
2021-08-24,186.16925457,122.95850169,118.97944807,70.46383235,190.36151911
2021-08-25,187.40567421,124.10740016,119.40018142,71.20355363,193.20523472
2021-08-26,187.31605493,125.91435024,119.99477235,71.37755549,194.73854976
2021-08-27,186.08283414,124.78750802,119.43189310,71.65376364,195.07958374
2021-08-30,183.35286569,123.87247707,120.35601257,72.03536765,196.44107290
2021-08-31,182.23816790,121.94606975,121.06776662,71.82207991,192.84394443
2021-09-01,184.76359426,122.45419755,120.35583987,72.10495438,191.96443332
2021-09-02,185.12576638,122.18501211,120.78940074,71.65589221,190.48448906
2021-09-03,187.89445467,122.61315971,120.82580424,71.43791522,190.64100002
2021-09-06,189.32047070,123.58420794,120.96558826,72.62565221,193.36285164
2021-09-07,190.95450112,127.79392886,121.32723855,71.93057864,194.96774227
2021-09-08,189.10509777,128.63019193,121.68539006,72.22840266,194.99875571
2021-09-09,191.26002665,129.23942981,122.04154928,72.82104388,194.14768962
2021-09-10,190.67374812,133.30059712,122.56400814,73.61768165,196.90339878
2021-09-13,189.05628596,131.80504237,122.69733552,72.86867317,194.95445773
2021-09-14,189.65392627,132.05735592,122.73731925,71.44896772,198.74719908
2021-09-15,190.82405224,132.71232835,122.57030293,71.98487494,200.44503880
2021-09-16,186.84019136,133.60694293,122.19515219,73.42846431,198.28170098
2021-09-17,185.86856116,132.86939639,122.33945400,73.51113184,193.91614561
2021-09-20,186.38401208,131.37266627,122.26061640,73.38253247,189.79719129
2021-09-21,183.75141456,132.63327207,122.89112657,73.24569225,189.81369318
2021-09-22,183.33966083,135.40124575,122.83720685,74.34576876,192.47461995
2021-09-23,185.97172352,136.34629268,122.13893412,75.01300591,193.04809698
2021-09-24,182.64245222,134.08446181,121.54268081,75.46400476,191.04717753
2021-09-27,185.57551629,134.71701801,121.52701669,74.97782603,194.06531385
2021-09-28,186.63049956,136.00039907,120.88220971,74.05480876,192.42904727
2021-09-29,184.09339425,131.83565794,120.88800016,74.62427286,189.32554932
2021-09-30,183.16991457,132.55487586,121.01911818,74.20135077,187.36367617
2021-10-01,183.88497208,134.41100572,121.12661756,74.09399350,190.52319930
2021-10-04,185.28790378,134.64188968,121.27278683,73.91942976,190.82782543
2021-10-05,186.45112993,132.02704975,121.33025422,74.45872095,189.34733067
2021-10-06,187.78503036,132.53020863,121.00860851,74.10985318,190.01492426
2021-10-07,186.49331392,133.17036381,121.23562556,75.25167802,189.12547868
2021-10-08,185.51248859,132.06718801,121.50211168,76.07729770,186.70501379
2021-10-11,185.99444694,133.30365422,121.47400932,76.36449646,186.66751648
2021-10-12,189.03708921,136.49269846,121.10101849,76.88621799,182.22014966
2021-10-13,187.15648963,134.49088831,121.17926950,76.56488574,180.29855171
2021-10-14,186.46062795,136.55094197,121.27717325,76.20411654,181.21852104
2021-10-15,184.94492482,135.13051138,121.07544489,76.27092577,179.12285668
2021-10-18,184.24938041,133.54015967,120.38619493,75.71165434,177.39941023
2021-10-19,183.78733634,134.22843719,120.19992358,76.82043782,178.52165162
2021-10-20,184.25730548,133.11455474,120.41078437,76.74034370,182.44017345
2021-10-21,186.37457303,136.53979007,120.48019547,77.30636821,183.83720274
2021-10-22,190.14339569,139.28164379,119.98000018,77.22170681,183.42706907
2021-10-25,189.35656450,134.65020673,120.40886955,77.24455445,184.43136497
2021-10-26,194.58020774,141.31443641,120.21754519,77.38458921,190.95764333
2021-10-27,191.89402053,140.49305464,120.75145378,77.93211329,191.11865835
2021-10-28,191.38777445,142.47704786,120.43700507,79.39350293,191.47899110
2021-10-29,193.58260400,144.53612584,120.54792255,79.24403207,194.09280762
2021-11-01,192.52140958,143.83650587,120.65625957,79.91760429,192.90875895
2021-11-02,193.28056391,144.10118590,120.49027406,80.53066364,192.59870428
2021-11-03,195.48407992,145.43905482,120.06920812,81.32240931,191.06472400
2021-11-04,194.99190880,146.24657239,120.33793711,80.93495634,187.72246789
2021-11-05,196.87284371,147.94829167,120.59254412,80.70916112,191.14023968
2021-11-08,195.48573943,148.31931160,120.59318536,80.89352274,190.01878182
2021-11-09,195.90302860,150.21793646,120.68359103,81.26135888,189.84142748
2021-11-10,198.54451424,150.29518580,120.49643433,82.86790510,192.32588583
2021-11-11,198.46621271,151.62775864,119.78431049,83.35511791,188.07951235
2021-11-12,198.67398758,152.96028785,120.00908482,83.38403267,187.69835332
2021-11-15,197.52112684,154.70170614,119.22027485,83.56088148,186.70129556
2021-11-16,195.15721476,153.20319322,118.60620548,84.44637857,186.62420041
2021-11-17,192.95109543,151.33716236,118.49638943,84.66490430,184.62978124
2021-11-18,192.93654134,152.08617219,119.30768965,83.27356597,182.50060184
2021-11-19,191.53134766,152.77066843,119.05970045,82.18130094,182.56717722
2021-11-22,193.56795533,150.09086115,118.59887566,83.05214872,184.02950497
2021-11-23,194.01230122,148.39929831,118.79758857,83.56272022,183.43610125
2021-11-24,197.47274152,150.06614606,119.11155958,83.51206609,183.17469221
2021-11-25,199.00229225,148.28251823,119.30725267,83.60209881,180.93741846
2021-11-26,198.77228530,149.81578873,119.42206170,83.30336189,182.50312899
2021-11-29,199.56099494,149.41077188,118.93252483,83.75313354,182.39411219
2021-11-30,198.02047605,148.66149704,118.57474791,83.80680959,182.11134136
2021-12-01,196.30658042,146.45964472,118.08406602,84.35847837,181.09967580
2021-12-02,196.42105592,147.99233614,118.45027696,85.74583438,179.01395867
2021-12-03,196.71248657,148.71488943,119.03400456,87.53281008,178.99050817
2021-12-06,197.61740151,147.14687136,119.82173761,88.93862021,177.19433325
2021-12-07,200.19904555,146.68446038,119.52008916,88.46285072,175.38742729
2021-12-08,197.71025663,144.86207259,118.43290708,89.62689167,170.26303756
2021-12-09,196.51911748,144.16160650,118.68032321,90.57439554,169.79071766
2021-12-10,192.09696431,144.65645413,118.99018119,89.55562957,168.88050585
2021-12-13,194.70932808,145.41723325,119.17609672,88.19245720,169.29811706
2021-12-14,196.66065971,145.79467089,118.93332943,88.98059009,170.23877452
2021-12-15,196.66896189,145.28571269,118.40463689,89.25691432,167.57926745
2021-12-16,195.38085959,144.93612763,118.77052227,88.27444947,166.67526169
2021-12-17,192.64805429,144.41153572,118.56825418,87.79438425,165.78453658
2021-12-20,194.28493824,144.45400899,118.57040648,87.33238521,167.86694202
2021-12-21,193.66552034,146.80747698,118.06477607,87.48501926,169.59689517
2021-12-22,193.86866666,146.05155094,117.81835816,87.19006565,172.10371913
2021-12-23,195.19940670,142.98766805,117.33044186,86.76280999,173.71752976
2021-12-24,193.92491831,145.23275655,117.14775659,84.78034256,174.24577311
2021-12-27,193.02155249,142.52948796,116.78152645,85.79675599,174.24802855
2021-12-28,194.27424463,143.98445798,117.30719219,86.70991969,175.57127852
2021-12-29,192.86897328,143.93727432,117.52282343,86.20550337,174.85122110
2021-12-30,198.23182584,146.60474073,117.25901749,87.58680875,175.84820413
2021-12-31,197.27115793,145.24484412,117.25486722,86.52809379,175.12187052
2022-01-03,194.06714382,145.13748855,116.89462727,85.90867927,173.42407360
2022-01-04,193.27688180,144.96391418,116.54592528,86.33393783,172.27617661
2022-01-05,197.13652196,146.73021524,116.41448847,86.10472776,173.98427553
2022-01-06,199.04289323,146.40748761,116.33230384,86.32812705,172.73206850
2022-01-07,200.21332583,144.66917993,116.85035638,86.94227375,171.75850610
2022-01-10,199.62758400,143.50249809,117.21270102,88.50375851,172.55676954
2022-01-11,194.21977419,144.23952578,117.26362759,87.85605303,171.49423769
2022-01-12,193.02527476,142.13326466,116.78603079,89.11987859,171.40061795
2022-01-13,193.33315888,145.26252047,116.59411203,90.67683940,172.78612547
2022-01-14,190.82313126,145.52368330,116.46792417,90.29935978,173.40245595
2022-01-17,189.56904591,144.22432348,116.20598753,91.08100392,173.45272777
2022-01-18,193.09913274,145.03134361,116.20259826,92.64300596,176.21159853
2022-01-19,193.77510285,141.92542987,115.93983308,92.73473950,174.90414231
2022-01-20,196.50491769,144.43937931,115.56851875,93.32929200,176.06379061
2022-01-21,191.98062056,137.91382506,115.78906232,93.59213873,170.96799933
2022-01-24,194.57719040,140.24246682,115.85043049,92.80056893,171.70302488
2022-01-25,195.45514244,143.73918199,115.84552430,92.11693643,171.94570204
2022-01-26,192.77361508,141.45493024,116.52072357,91.72173789,171.62338678
2022-01-27,190.06095890,136.31193240,116.36450619,91.14624697,168.32159232
2022-01-28,193.67655633,139.91987388,116.52582480,91.94143431,170.88486438
2022-01-31,192.54235577,138.94644573,116.79130513,92.32166587,167.86530455
2022-02-01,192.75538151,138.27805452,115.88953144,93.94331691,166.06900109
2022-02-02,196.39606221,139.50512783,115.81397407,92.74396639,167.68275512
2022-02-03,196.32847542,138.83017403,115.64095542,93.84764672,164.93503557
2022-02-04,193.15494290,138.80710588,115.60559231,92.50520488,165.58806137
2022-02-07,195.20503148,140.39487216,115.32227733,91.26096663,164.23372771
2022-02-08,193.64740173,142.67225251,115.52898653,91.28996436,164.39660278
2022-02-09,195.06360256,142.44870808,115.82847801,91.40117632,166.94751372
2022-02-10,198.14091529,146.24991085,115.65294798,91.28224770,168.17267965
2022-02-11,198.60898519,144.67571475,116.45542642,91.30824938,166.90364701
2022-02-14,199.81583390,146.53530523,116.92167944,91.00072487,166.49182874
2022-02-15,202.95288104,148.35248825,116.68975408,91.06204103,167.97706851
2022-02-16,200.84513778,150.38733891,117.04529135,91.54258555,168.31716339
2022-02-17,200.16898955,146.35426915,116.22601923,92.30109495,167.68969800
2022-02-18,199.10891615,146.69118974,116.25189210,92.25560721,167.54645381
2022-02-21,200.82855306,145.74434860,115.96008245,91.32004881,168.60067380
2022-02-22,197.90462820,144.31164382,115.92410912,90.39796312,169.06799759
2022-02-23,194.87894733,142.18238567,116.48749666,90.78073427,164.57281194
2022-02-24,197.23317233,142.36255500,116.17275344,90.12954852,166.57397762
2022-02-25,195.32267469,140.07984002,115.83733591,89.31540583,165.86148753
2022-02-28,194.79108774,142.18132621,116.34973257,90.30401366,167.16666917
2022-03-01,199.62279411,148.26807256,116.07935994,89.86437279,169.86045114
2022-03-02,201.20487096,148.76823956,116.01766894,90.02727228,168.85223142
2022-03-03,204.24735103,147.03343133,116.46378936,90.04061419,172.59706856
2022-03-04,205.76110481,149.23454423,116.03234390,89.74787086,171.04495654
2022-03-07,207.84294562,150.69729257,116.00057143,88.78378236,170.04908031
2022-03-08,206.84597532,150.70365544,116.04272637,88.22250834,172.22736130
2022-03-09,205.25046724,153.23807169,115.50221979,87.74761709,170.29058460
2022-03-10,205.40592958,152.17669392,115.79487081,87.26920307,170.50498746
2022-03-11,203.89874166,150.06360046,115.58839799,86.98613853,169.01459147
2022-03-14,203.31896363,149.82800214,115.53348844,88.45454623,168.00243666
2022-03-15,199.86564446,146.53765898,116.04445377,88.24179115,166.87090674
2022-03-16,203.76090779,148.61415710,115.54548787,89.40978294,164.71541219
2022-03-17,204.93686848,151.18257586,115.30020257,89.51156033,165.23193157
2022-03-18,202.49395054,147.20658986,114.98739002,90.01546160,162.50827020
2022-03-21,202.24007254,147.37353558,114.90506437,90.03768909,161.75292848
2022-03-22,200.31412700,147.63252921,115.62629647,89.68263275,160.82560591
2022-03-23,201.96503380,147.95132209,115.46247497,87.29444165,162.72953743
2022-03-24,202.95550709,149.98188632,115.13202392,85.09650598,168.78086792
2022-03-25,202.42230151,148.10860382,114.75427961,85.28987341,166.57834890
2022-03-28,206.49638881,149.67477284,114.80426177,85.97267922,167.74914000
2022-03-29,205.96724567,150.37855302,115.34445404,87.14049122,166.37503761
2022-03-30,205.77235513,151.41793389,115.62547885,86.83596172,165.56485188
2022-03-31,204.08480095,150.00636626,115.24444819,87.68174420,163.37857288
2022-04-01,204.04370748,152.05286153,114.93619447,87.01084121,163.93992879
2022-04-04,200.36433281,146.95131049,114.82958695,86.89374745,161.74246717
2022-04-05,202.04380252,145.17086074,115.09554261,87.22536339,163.03172883
2022-04-06,197.82500411,143.05629290,115.35137299,87.11900011,161.71424405
2022-04-07,196.78040228,144.85176311,115.92530841,85.89798748,161.84781358
2022-04-08,198.13439222,146.28624188,115.87841626,86.58411850,162.11273843
2022-04-11,200.67719302,149.95858111,115.80295381,85.59965836,164.80104811
2022-04-12,200.35514776,148.27983670,115.86887788,85.66424932,167.48387160
2022-04-13,202.89976737,146.99075371,115.39863220,86.14130731,168.37636493
2022-04-14,203.89079391,144.68150070,115.82225214,86.16958537,167.91007597
2022-04-15,199.52282823,141.87030578,116.04564702,85.12090239,165.06416716
2022-04-18,202.17519448,147.66195103,116.04245703,84.48165190,165.64434794
2022-04-19,205.78260939,146.91814787,116.03936785,84.64767902,165.32195383
2022-04-20,207.40708098,149.63475955,116.11324458,84.50503915,165.26353078
2022-04-21,212.51007074,151.72904932,116.65520040,85.97834492,166.92526656
2022-04-22,213.73699501,150.15132392,116.21616610,86.07781215,166.61153760
2022-04-25,215.26766437,152.78516462,115.91016370,85.86354257,166.61476399
2022-04-26,214.11481010,151.43496693,115.55025846,86.55065711,165.78306721
2022-04-27,219.20116987,154.71260158,115.51057337,87.30951352,165.83973948
2022-04-28,217.37570110,156.06968593,116.59916037,87.25761381,166.13432602
2022-04-29,215.84874676,152.33786206,116.41886595,86.81722733,167.15695629
2022-05-02,212.16352507,149.99276779,116.14555207,87.07118806,162.76003071
2022-05-03,211.81610826,149.29418815,116.46517563,86.65346974,163.16206528
2022-05-04,214.80776438,150.25004004,115.78428572,86.46008712,163.53342911
2022-05-05,216.33760348,151.14255041,115.46477900,87.46568684,162.10501767
2022-05-06,217.34127248,150.70618637,115.43204883,87.49078341,162.14140351
2022-05-09,212.25331239,149.18620878,115.78826919,88.01509260,156.75367571
2022-05-10,212.40740000,150.68785861,115.82150237,87.57810171,162.32095095
2022-05-11,210.87393969,150.41488827,115.73993970,88.09437357,163.48317849
2022-05-12,209.93238037,149.92807643,116.17042039,89.17884998,164.08912391
2022-05-13,211.74844811,150.86283318,116.56865121,88.63314956,165.20573798
2022-05-16,212.58848570,150.69435103,115.75575139,89.29802046,166.36216671
2022-05-17,212.81512293,147.91980560,116.10384100,89.48618600,170.44113391
2022-05-18,216.20891497,153.92833871,116.77448097,89.94162929,176.40477443
2022-05-19,216.01091901,149.48471767,116.54168938,90.23054848,171.41165155
2022-05-20,218.52734442,149.06938947,116.13579031,90.04231688,172.19446123
2022-05-23,215.88356581,147.44340210,116.22425477,90.81819005,172.47201580
2022-05-24,218.03099317,151.01476406,116.14926142,92.26242810,173.99001956
2022-05-25,219.56048021,151.67429074,116.41846159,92.26119411,174.61597000
2022-05-26,216.73447539,147.27486394,116.66073568,91.57321286,170.21366686
2022-05-27,215.23755110,145.45497374,116.83518881,91.25806390,169.81456279
2022-05-30,214.42630068,147.12755445,117.35137264,91.60371578,174.71746774
2022-05-31,216.84617081,146.18506621,117.69972915,91.09465337,175.11167395
2022-06-01,215.23286682,146.14139563,117.39717732,91.07192124,175.95988124
2022-06-02,213.72229236,145.85801628,117.08657547,90.93673276,175.75365701
2022-06-03,215.67044190,144.96307894,117.43696242,90.45312594,175.27152524
2022-06-06,214.49774625,142.83777338,117.08545138,91.58193798,174.77013342
2022-06-07,211.98734969,139.87718024,117.09236494,90.87806746,173.36588627
2022-06-08,215.06978050,140.72351407,116.28759270,91.52766401,175.64696507
2022-06-09,216.65164014,141.23089572,116.08958152,91.31789347,175.52525094
2022-06-10,216.29617221,139.85980807,116.27748553,91.52177151,177.84019630
2022-06-13,217.76445915,142.96766216,116.38216487,91.03347954,180.78316366
2022-06-14,214.27026594,139.38157680,116.33466822,91.53546826,178.90312139
2022-06-15,212.07182297,137.92972362,115.40369478,90.83994250,179.07153536
2022-06-16,214.08965516,138.00041562,114.86958358,90.20199249,178.02452899
2022-06-17,211.07976929,138.05016450,115.34976262,91.86557754,180.08729947
2022-06-20,208.47994099,135.88112364,115.41564094,92.09774819,179.26809000
2022-06-21,203.73230937,133.16236558,115.16932111,92.36543090,177.94764428
2022-06-22,202.68604290,131.89143187,115.21564121,93.74242167,178.12271955
2022-06-23,203.97738988,133.87841567,115.14772303,93.02883090,179.21320855
2022-06-24,208.18479364,137.12430487,115.52992661,93.61334320,183.24752362
2022-06-27,206.70478173,135.57854001,115.48255090,92.65898016,179.24005259
2022-06-28,206.61385018,132.61273695,115.72083138,92.44224237,178.12891733
2022-06-29,207.81861150,134.74448999,115.52682365,91.14360936,179.37581431
2022-06-30,210.02002183,134.39830595,115.74311323,90.18520357,179.15903155
2022-07-01,206.06000027,132.27378284,116.01286203,89.76456187,178.90342412
2022-07-04,201.96793382,129.91058541,116.41199174,89.41004804,177.11391260
2022-07-05,203.86558311,132.46403904,116.38539963,89.92009656,177.18083272
2022-07-06,205.74486430,131.88792889,115.93357624,89.23906603,179.15806764
2022-07-07,203.29809642,129.66257013,115.72660054,87.79018383,176.36401814
2022-07-08,202.25804272,129.04744328,116.12974366,86.57301461,178.30105608
2022-07-11,200.86918442,126.60710058,116.62790955,87.27176524,175.59987860
2022-07-12,201.13394394,129.47086949,116.18945747,86.79217404,177.51895738
2022-07-13,201.35128899,129.66989534,115.54719357,86.82876833,175.49496106
2022-07-14,203.45781581,128.27021183,115.76857375,86.23293023,174.24643167
2022-07-15,206.95256925,129.46448477,115.89857520,86.17624036,176.23141446
2022-07-18,203.81178031,127.94752525,116.15532225,85.66293113,172.08077511
2022-07-19,207.69943738,127.20796728,116.04170476,86.64228394,172.72092693
2022-07-20,208.04017850,127.17161314,115.63988744,86.48896946,172.38884677
2022-07-21,208.89874203,128.04649521,115.72189774,86.54624322,173.15486440
2022-07-22,207.06650450,126.47857471,116.12079556,86.67223275,171.38415466
2022-07-25,209.78248789,128.29466865,116.46007705,86.97197188,171.28882608
2022-07-26,206.60557852,128.55974215,116.63469601,85.78171763,172.16859836
2022-07-27,207.77016804,127.72367311,115.78701881,85.55976929,173.31336984
2022-07-28,211.76414897,128.92206391,115.74834053,86.10471181,174.65961507
2022-07-29,211.11260414,126.74312854,115.62298894,84.99576827,176.57692906
2022-08-01,210.79746848,127.48229032,115.40700472,85.53856193,175.23647008
2022-08-02,208.37116338,125.01633042,115.90145217,85.67344649,174.61074815
2022-08-03,208.52322286,125.21279796,116.26591314,85.37240118,175.09489234
2022-08-04,205.07348232,121.59445555,116.49594966,84.71480166,174.98815403
2022-08-05,202.96147551,119.38008266,116.46028543,84.65420437,173.15099859
2022-08-08,204.19286393,120.71196899,116.50385155,84.10251966,175.92842712
2022-08-09,203.54248629,118.63562760,116.18981757,84.72510142,173.63673182
2022-08-10,202.91228862,119.10983870,117.06816989,84.86964453,174.77977589
2022-08-11,205.16792231,118.83555677,117.26093946,85.82354225,171.58386898
2022-08-12,208.35787446,120.46299244,117.60039812,84.63841326,176.27314249
2022-08-15,212.51216823,123.16354336,117.19665176,85.19126296,179.21937616
2022-08-16,212.66257173,123.92978154,116.48876955,84.95584668,180.12726148
2022-08-17,212.81873823,123.18791604,115.90101187,84.39214278,179.20786497
2022-08-18,215.60871213,125.44980759,115.08581974,84.46607518,180.00841482
2022-08-19,222.69127969,128.28857595,115.28020277,84.83902132,184.29183199
2022-08-22,224.04264904,126.14280907,114.90658991,83.70582605,184.35373656
2022-08-23,217.98135055,125.12830276,115.12921215,82.36123531,181.63225157
2022-08-24,216.11190543,123.44809439,114.54654754,82.04610652,179.25194932
2022-08-25,210.13135790,123.69006345,114.74655522,81.96958437,175.11119487
2022-08-26,213.15826829,125.75996348,114.94481672,81.91919727,177.50725364
2022-08-29,215.07457240,126.25266545,114.99330307,82.16734272,177.14079565
2022-08-30,215.84956567,125.39269992,114.83488907,82.18394369,178.95991818
2022-08-31,212.73172240,124.44279970,114.46653148,82.51899749,180.72887342
2022-09-01,212.34893070,124.77870113,114.50813183,83.28030172,180.81404982
2022-09-02,214.25917240,128.60560900,114.17320370,83.98119394,181.98317111
2022-09-05,216.46514372,130.11678758,114.10616916,83.47966766,185.83182876
2022-09-06,218.97945226,132.11573112,114.79316621,82.08208799,185.67174252
2022-09-07,217.88114121,131.27424351,115.05434336,82.75222765,185.31300524
2022-09-08,216.91214524,130.99912482,115.44140311,83.29742982,184.49344052
2022-09-09,215.53506763,131.36117308,114.85031081,83.16613546,185.14656766
2022-09-12,215.89953647,132.80486304,115.06980842,81.67544290,184.95799339
2022-09-13,221.91548233,135.69941521,115.18164782,82.00073161,189.10548092
2022-09-14,224.13963494,137.01346301,114.48630304,80.80095178,191.55170235
2022-09-15,225.86030857,136.20757882,114.46269539,80.50666087,191.28493252
2022-09-16,223.09077622,136.73273710,114.08564104,81.05090572,190.15696387
2022-09-19,224.42919179,141.05480540,113.93081486,80.27125265,192.48503179
2022-09-20,222.36630257,140.97854277,113.90259530,79.65019683,189.89345122
2022-09-21,224.22745042,142.24807930,114.32230396,80.11257939,191.99829658
2022-09-22,229.44209784,146.03764540,114.47264046,80.28940723,195.73876962
2022-09-23,231.01600705,146.73006959,114.90323705,80.16556348,198.11593601
2022-09-26,234.17602488,147.54609886,115.00032689,79.35480672,198.57859230
2022-09-27,232.17151417,144.80740775,115.09520276,80.28467256,196.61339710
2022-09-28,235.26729019,147.49753371,114.78238178,81.42887800,199.24213997
2022-09-29,233.42446144,146.38836586,114.54555379,81.29872439,197.89934596
2022-09-30,233.75515103,144.85473304,114.62877623,81.24106281,197.15142122
2022-10-03,235.72347650,146.21132768,113.79893920,79.62205507,199.93201823
2022-10-04,234.41789699,148.33061134,113.90695354,79.96140055,200.04727215
2022-10-05,228.15686767,148.47546240,114.09870443,80.01430647,201.00338526
2022-10-06,228.82640194,149.95081911,113.80844702,80.41596537,201.88329345
2022-10-07,229.01895137,150.72198268,113.84031876,81.01650323,199.64863712
2022-10-10,232.28023662,154.21380234,114.41075507,80.66455725,201.75959180
2022-10-11,232.90677876,154.13819230,114.75298237,79.83671346,201.18283797
2022-10-12,233.01354102,154.24383238,114.73493168,79.89020381,194.94841637
2022-10-13,232.30545354,152.90511787,113.91250660,79.99670284,192.06429946
2022-10-14,231.67622038,150.22900370,113.52059528,78.78627197,190.79963559
2022-10-17,234.15658628,150.26122121,113.14048132,78.93683026,190.18057638
2022-10-18,233.27969823,150.22990981,113.49261048,78.47379248,190.95132050
2022-10-19,230.77370294,147.46698462,113.31487250,78.92400848,191.04382854
2022-10-20,236.97980321,151.77050042,113.48643171,78.65656269,197.50269207
2022-10-21,238.23539142,155.22502884,113.78859525,79.36885070,200.72149009
2022-10-24,237.08595258,156.72005657,113.99221996,78.75577880,205.79132740
2022-10-25,242.11907039,156.40403456,113.31333795,79.58078983,208.42318814
2022-10-26,245.48213925,155.08509542,113.10783077,78.91521427,209.91727367
2022-10-27,243.06429388,151.23373956,113.29510591,79.76401796,211.65839529
2022-10-28,244.64167519,152.63258067,114.28416357,79.26688455,211.95357305
2022-10-31,243.89496303,151.86675754,114.46262632,81.09559219,212.60931128
2022-11-01,245.18666377,151.42821333,113.76875272,80.70814521,208.37437740
2022-11-02,242.08441200,151.81485715,113.60129940,80.97703309,206.23933318
2022-11-03,240.72221183,152.14963221,113.24630406,80.70766225,204.30558463
2022-11-04,244.42033773,154.01882182,112.71501718,81.61550778,204.21472222
2022-11-07,243.44268180,152.52869363,112.46396432,82.73621906,205.76137339
2022-11-08,243.28113848,155.30709904,111.99505019,83.49604630,208.05055261
2022-11-09,236.37952196,151.09365023,112.06652843,83.66300527,204.35823880
2022-11-10,238.41618708,151.46352671,111.75260000,84.45761282,202.62404076
2022-11-11,240.40529001,153.76382453,112.49307922,83.65675431,207.40815698
2022-11-14,241.34858369,153.81283483,112.76170357,82.89991080,209.84511961
2022-11-15,248.95719512,157.33038115,112.49150050,83.07157439,214.63910619
2022-11-16,251.86432603,159.55543262,111.55094788,83.20015763,214.62727371
2022-11-17,259.74427684,160.76826394,112.10867141,83.59465601,217.84079847
2022-11-18,256.51303407,160.50931353,112.30221123,84.08336109,216.84643438
2022-11-21,260.52262529,164.81814532,112.02468540,84.67244060,214.79182401
2022-11-22,258.47269657,165.62948282,111.68059640,86.30072933,213.56537616
2022-11-23,262.10964202,168.46632058,112.09383490,85.97570220,215.17596733
2022-11-24,262.03469854,167.05143145,111.58532394,86.13720848,214.34287473
2022-11-25,261.02796289,169.63233075,111.13526326,86.19766526,210.06952495
2022-11-28,260.48331127,171.05524788,111.36366801,85.85803882,210.72945749
2022-11-29,263.20201095,172.67297984,111.93628099,86.38048039,210.72288769
2022-11-30,260.97032286,172.16863669,111.47691390,86.81226026,208.85224560
2022-12-01,260.35547219,170.12127431,110.75953436,86.64354876,205.04442202
2022-12-02,262.87063480,167.08840606,110.13890516,85.91081350,204.59927505
2022-12-05,261.59764884,167.05842506,109.99408293,86.00268881,205.09160331
2022-12-06,266.53056470,169.22290678,109.39299341,85.38616380,209.59720108
2022-12-07,263.19092399,168.41811213,109.24658643,84.13493795,206.97884841
2022-12-08,265.19081566,169.59528128,109.07580126,83.68765791,204.50724781
2022-12-09,262.60159750,167.28503055,108.95447786,83.00146236,204.23027092
2022-12-12,264.31328505,167.87369269,108.59501733,84.56522920,205.73388107
2022-12-13,264.91674085,169.32565630,108.21090342,83.35174853,206.42990236
2022-12-14,259.92211469,163.74089365,108.47515909,83.59951041,203.80970401
2022-12-15,258.68065574,164.14394713,108.94884691,83.05303703,205.44288130
2022-12-16,264.94047078,168.73601142,108.46565229,81.96929561,206.63744542
2022-12-19,263.79590120,169.10734194,108.71790845,82.88371128,208.48131419
2022-12-20,259.80776053,166.25058105,109.29780835,82.86160712,206.47281475
2022-12-21,262.75071714,167.61478492,109.31690601,83.29414684,207.88725202
2022-12-22,258.64518996,164.58916374,109.59025836,83.70371629,208.79329026
2022-12-23,260.23766799,164.81025615,108.97989841,83.38342668,209.56570222
2022-12-26,257.68950659,166.81120796,109.02012263,84.11915147,210.11124066
2022-12-27,255.59309013,164.67942784,109.03886170,83.77354900,206.35127436
2022-12-28,253.14118509,161.25353714,108.99114626,85.03346729,200.66767863
2022-12-29,254.06463772,158.31048397,108.78997483,84.93302782,198.77861863
2022-12-30,256.77033140,158.02948233,109.34545946,84.34892413,204.32355250
2023-01-02,258.61374300,159.77947793,109.05902722,85.28384784,203.68402868
2023-01-03,262.57941530,160.80044132,109.63213804,86.24098863,204.00491374
2023-01-04,259.74427356,161.64972361,109.96893697,86.25356950,202.19710445
2023-01-05,255.74663209,160.68145755,110.17112737,87.62688616,200.70027958
2023-01-06,254.42708646,162.33468132,110.75665744,88.09356224,200.84746651
2023-01-09,254.61738502,161.38797133,109.84244068,87.50060670,196.04184550
2023-01-10,252.66652605,161.72873302,110.73248830,87.09956219,196.76877760
2023-01-11,252.81587146,159.73565616,110.59111323,86.39945600,199.55129816
2023-01-12,254.89864691,161.08968287,110.45355380,87.14220691,201.61019055
2023-01-13,253.42829777,162.08464183,110.29242534,87.29580706,203.81167669
2023-01-16,252.75704909,165.05310120,110.57843176,88.41553069,201.75115274
2023-01-17,259.84916303,169.49599221,110.63318828,89.26536076,203.86613043
2023-01-18,259.74255633,167.81724708,110.89541525,89.00811878,204.97359246
2023-01-19,258.21897506,162.98435471,111.16618774,88.55765612,202.02638070
2023-01-20,256.38218124,162.43122084,111.03806547,89.41276314,200.35641671
2023-01-23,255.03096192,160.85477528,110.19294139,88.61929442,199.40786214
2023-01-24,258.76323550,163.29669078,110.45582393,89.53480025,201.36852119
2023-01-25,260.24569218,165.68794771,110.52846090,90.39491515,206.02511418
2023-01-26,258.69837253,164.30675929,110.38914488,90.64860296,202.09117029
2023-01-27,254.57097169,162.67151627,110.72192729,89.82783960,202.62841870
2023-01-30,256.69074736,165.39128443,110.65649551,88.78886994,204.29929800
2023-01-31,257.31330037,165.40419288,111.24165063,88.47349245,205.35408647
2023-02-01,257.14606695,166.30070687,111.15358580,88.30686436,204.02505360
2023-02-02,260.24664408,171.57395383,111.00494063,88.48234424,205.70966080
2023-02-03,258.49348401,168.28154064,111.44491123,88.59707710,205.65229097
2023-02-06,260.62874102,170.72916996,111.44444982,88.94335367,207.26514539
2023-02-07,260.73517363,170.49852223,111.37846197,89.02025313,208.73925270
2023-02-08,261.51520974,172.72915755,111.44593409,89.66744928,208.92704071
2023-02-09,263.12462053,171.47008001,111.45619951,88.63380506,212.67989428
2023-02-10,265.18291676,173.57955181,111.24618372,90.09823354,216.48050499
2023-02-13,264.35762223,171.85930081,111.38912569,90.79405388,215.43844377
2023-02-14,263.34987315,170.93942409,112.23907886,90.96627183,216.99909088
2023-02-15,261.75781174,165.61795084,112.61654998,91.47548978,217.70414695
2023-02-16,262.07372222,165.60260841,112.17205571,92.18024434,215.54966624
2023-02-17,259.70607990,164.51479593,112.58941851,92.74778227,209.33646121
2023-02-20,264.28364908,165.01084404,112.07472649,93.44043766,209.57930589
2023-02-21,259.51031487,160.31132502,112.54332238,93.73068629,206.19049319
2023-02-22,254.12887991,159.75679132,112.43002614,94.53622376,207.56664963
2023-02-23,254.86489741,157.46924783,112.61423182,93.01606132,207.72685746
2023-02-24,253.57373700,158.90724816,112.18862146,92.84149678,211.32634107
2023-02-27,250.57598874,157.95618752,112.62549216,93.51061595,209.83520694
2023-02-28,247.31689610,157.22661133,112.29243633,93.71819552,211.28689817
2023-03-01,248.24251356,159.22084840,112.69856516,93.13687832,213.49548584
2023-03-02,246.74047718,156.75548059,113.25145034,93.81111313,212.10016644
2023-03-03,242.24061711,153.37454416,112.98768055,94.97181733,208.71415705
2023-03-06,240.77749955,148.75991343,112.55326169,95.81889696,204.62780558
2023-03-07,240.77367213,149.47560220,111.94972534,95.90204915,205.29519186
2023-03-08,243.19706642,153.53170699,112.21535554,95.50631033,209.97586839
2023-03-09,240.72371230,153.26714342,112.40745842,96.26401640,209.32623408
2023-03-10,239.23432494,154.74600215,112.61870970,96.94286582,207.97394977
2023-03-13,238.00720647,154.61382931,112.69452984,95.71430797,201.57501144
2023-03-14,236.88332192,154.98874429,112.93056152,95.78195239,201.92780627
2023-03-15,244.19364864,156.95520493,112.76464386,97.52153030,201.75442692
2023-03-16,240.53930089,154.06030147,112.48653252,96.71756004,199.30514087
2023-03-17,237.41944855,152.53437516,112.03658294,97.55057633,196.09833967
2023-03-20,233.06644913,150.92089845,111.42040785,96.46313310,192.98578569
2023-03-21,233.88979615,148.38550832,110.97803639,98.24874390,191.76677472
2023-03-22,233.00510109,149.94904271,111.43498625,98.53348214,193.94941871
2023-03-23,234.92500907,152.06000477,111.18480384,99.25588701,192.85091624
2023-03-24,238.01172051,154.01584725,110.91147275,100.21673523,194.66180075
2023-03-27,234.76288041,154.25721621,110.94300527,99.11285695,193.55876315
2023-03-28,235.13349399,153.96756617,111.11809549,97.91741244,187.48773434
2023-03-29,232.62720608,151.62207667,110.87432080,97.76993424,186.32003103
2023-03-30,236.91048604,150.96293986,110.91390392,97.54866154,186.05436006
2023-03-31,234.68799660,148.69393500,111.05937806,97.43496874,182.63743154
2023-04-03,236.67144108,146.08819887,111.11590463,96.27277426,178.20612296
2023-04-04,240.32565981,151.29260370,111.80503190,97.47011113,180.21789937
2023-04-05,237.12347241,149.87995618,112.51932586,96.82976980,179.47394200
2023-04-06,238.14230554,154.10287775,113.06703017,96.39022216,180.33172009
2023-04-07,241.35763338,156.98337108,112.68586301,96.74143760,181.23132283
2023-04-10,242.76701335,159.76387267,113.01968470,96.64814982,180.96636664
2023-04-11,242.13358221,157.76725762,112.60854670,95.78248816,182.59113131
2023-04-12,242.65721058,160.38626599,112.44705663,95.14456167,182.89253074
2023-04-13,242.22375195,160.64969348,113.02427911,96.28398215,183.95895274
2023-04-14,243.02595102,160.33178177,113.26489347,96.82281370,184.09685288
2023-04-17,244.96649579,162.79820565,112.99936077,97.11456758,182.51072837
2023-04-18,248.97434576,165.25337619,112.69745183,96.28517569,183.13455841
2023-04-19,249.93657995,166.29187798,113.42310858,95.30803375,184.36683645
2023-04-20,251.15710944,167.77895749,113.49174075,95.90376699,184.90079037
2023-04-21,248.25894153,166.19603895,113.58349198,96.36188418,184.14301390
2023-04-24,248.42908809,166.92821580,113.23168618,95.98085546,185.31775179
2023-04-25,246.20541279,166.15583559,113.31992973,94.99058081,183.01514292
2023-04-26,242.49116373,164.86512763,113.56426781,94.95945304,180.93050160
2023-04-27,242.80686548,163.45175680,113.55886463,95.84767694,183.93315387
2023-04-28,245.14177869,165.07058648,113.82192256,95.80369816,186.58982398
2023-05-01,243.16314719,165.94203609,113.78164200,96.25069551,187.37810757
2023-05-02,248.02278821,170.64742088,113.54786041,95.09320729,188.63639905
2023-05-03,248.59798747,170.18253153,114.04542516,95.32717865,186.69129719
2023-05-04,254.84197993,173.07222568,113.44178453,96.49047225,187.82016823
2023-05-05,252.76631465,170.43447295,113.43470382,96.37058526,184.71249411
2023-05-08,249.73812671,169.42993161,113.37773976,97.29081960,184.43031224
2023-05-09,251.12092523,168.41232334,113.17134002,97.41873774,183.15918705
2023-05-10,253.11979834,167.89503986,113.38428164,99.24787283,181.53966711
2023-05-11,254.74273897,169.06281406,113.63303468,98.80535651,177.71581425
2023-05-12,254.34815483,169.17636919,113.24094548,99.72702578,179.05964398
2023-05-15,254.30092862,168.04940485,113.42850893,100.67966741,177.35357630
2023-05-16,249.67452110,164.63824469,113.19153803,100.72296570,176.03374210
2023-05-17,252.74770981,168.10692996,113.51434437,99.76980571,178.26230310
2023-05-18,249.56280888,165.31601192,114.05173930,98.93170037,176.23527916
2023-05-19,253.13421547,163.99666016,114.10916034,98.76321485,175.70735408
2023-05-22,254.71047997,161.97751251,113.84058485,99.46117165,174.62713152
2023-05-23,255.66778562,163.41389865,114.13465875,99.83516666,176.49302556
2023-05-24,253.90783943,165.08090029,114.20866280,98.95439157,174.93927291
2023-05-25,255.46453451,170.06573322,113.89642543,99.34999377,177.86242760
2023-05-26,252.63076539,170.67397524,113.73282738,99.68174380,174.68506667
2023-05-29,249.98137420,170.29790221,113.83523794,101.37729529,174.85832361
2023-05-30,250.73461830,171.16153054,113.30245811,100.57037331,179.69669805
2023-05-31,252.41897184,173.38738407,113.26314672,100.26346879,182.06698232
2023-06-01,246.16325655,169.45939827,113.49003646,100.20454594,179.85919499
2023-06-02,248.19920978,168.23814298,113.58738667,98.93192320,182.75462737
2023-06-05,252.45600384,172.04765732,113.66659607,100.18546412,181.94004563
2023-06-06,252.78353232,174.49876920,112.77319386,99.48134191,181.48849298
2023-06-07,250.95755711,172.91050816,113.32523241,98.02725751,180.71069100
2023-06-08,249.49475810,171.69394930,113.56468467,98.06054435,178.98328156
2023-06-09,255.18914462,174.45726230,113.69918339,96.65481734,181.52434304
2023-06-12,257.21748029,175.65081936,113.65490794,97.43898082,183.51207915
2023-06-13,256.38657272,175.74032642,114.15226254,95.77407561,184.38440016
2023-06-14,258.63542500,179.00227114,113.80452303,95.51812858,187.08634891
2023-06-15,264.01724591,184.09697961,113.27985344,97.23471325,192.49310162
2023-06-16,262.15438943,186.43307330,112.95585912,96.67837091,190.81714022
2023-06-19,267.50758277,187.68257482,112.99774495,96.72284181,190.85353761
2023-06-20,260.72763035,182.78795619,113.43283845,96.33381876,191.56443223
2023-06-21,263.63502753,186.75051339,112.42867359,97.52556713,190.41629080
2023-06-22,259.90625347,187.41686621,112.74222084,96.16448759,190.64280645
2023-06-23,258.92114746,190.61343965,112.95156869,97.50288498,189.03945530
2023-06-26,259.09892992,189.86962106,112.32053758,98.18227672,189.67041645
2023-06-27,264.20206944,190.28594450,112.49251819,97.59867454,187.70387245
2023-06-28,261.13959193,188.38563987,113.34845376,96.88500791,186.12961248
2023-06-29,263.78758505,188.03156740,112.98398528,97.21945812,187.00698874
2023-06-30,262.22704403,183.49869710,113.63539832,97.68525055,182.09748712
2023-07-03,262.02839964,181.96118638,113.73851052,97.73521797,180.70891332
2023-07-04,263.20740232,177.88668343,113.25062789,96.92980293,180.25828249
2023-07-05,258.08509804,177.05819617,113.41468794,97.18336013,181.41274061
2023-07-06,257.74006249,177.99876528,113.35142510,96.99679072,177.81792441
2023-07-07,259.44215868,177.13299728,113.41322187,98.43005709,176.00080157
2023-07-10,258.03420477,178.21755942,113.52718661,99.23833101,174.63283539
2023-07-11,255.29098469,173.72745930,114.13916865,99.28926700,170.81473002
2023-07-12,255.76400129,176.09013313,115.14433048,99.08497648,171.87700367
2023-07-13,260.08457889,179.91967514,115.22998836,100.55481454,171.73570527
2023-07-14,262.91758960,181.81338255,116.12211503,100.04650105,174.71820777
2023-07-17,258.29874184,179.39498094,116.30585369,100.53976713,173.91139331
2023-07-18,259.66569025,178.92021941,116.32112108,100.68922486,174.97799882
2023-07-19,261.55462602,179.11126134,115.61507564,101.29636642,176.95126148
2023-07-20,267.21806650,182.09730952,116.19491649,102.79055646,179.50127351
2023-07-21,262.19521346,179.43701641,116.73056075,101.69524801,177.83323397
2023-07-24,267.72624830,182.39573630,116.84274604,101.18347713,179.37993770
2023-07-25,269.35577698,185.11610523,117.10332965,101.24854155,181.76636858
2023-07-26,270.07759032,190.65003837,116.84258693,101.53549896,183.64424961
2023-07-27,269.99836147,192.20647800,117.15864893,100.45701951,186.42954552
2023-07-28,267.69184093,190.17847678,117.66746210,100.09769668,185.86258282
2023-07-31,268.51376375,188.09590961,117.64212453,103.44649769,188.53697237
2023-08-01,272.49027630,189.66206520,117.56617731,101.65742140,191.03871803
2023-08-02,277.75497107,190.19363832,117.81850533,102.17996136,195.20332447
2023-08-03,280.41986764,195.21289812,117.67505622,102.97163668,196.60026551
2023-08-04,282.74457014,194.55542026,117.57267681,103.19697376,194.48332489
2023-08-07,279.51533731,189.81584056,117.09580003,102.38452304,192.99770885
2023-08-08,273.98651887,187.86986772,116.59941805,102.32679673,187.79444527
2023-08-09,272.17559129,190.52614856,116.64170225,102.22251533,191.72236502
2023-08-10,271.95239425,191.33292666,117.10165596,103.29974630,192.19225970
2023-08-11,273.55493796,192.20410083,117.54064537,102.76850174,189.11543130
2023-08-14,274.26995423,195.33161208,117.65958695,103.55864694,189.86403772
2023-08-15,280.52367767,197.08603427,117.36247089,101.36123260,191.49388283
2023-08-16,281.43325517,194.03796775,117.56072901,100.76498139,190.57993422
2023-08-17,282.40622890,193.36207733,117.95254502,100.14262685,187.50664384
2023-08-18,282.01985945,190.98238275,118.18754378,98.89522072,185.56504496
2023-08-21,284.60056949,190.24515022,118.53952543,98.72525238,181.76157000
2023-08-22,284.82225973,188.51915736,118.26488062,97.43765408,181.41757549
2023-08-23,285.86293439,190.11057615,117.82070018,97.99151034,181.77874184
2023-08-24,283.93582716,189.13236167,118.36825728,97.99127520,179.55205322
2023-08-25,284.61483866,191.56086856,118.42935692,96.59339290,182.87398211
2023-08-28,283.27694986,191.86092741,118.70631909,97.00505961,184.62552878
2023-08-29,283.10856117,192.58992473,119.10755494,98.73171224,185.68422946
2023-08-30,283.65492623,194.47140028,118.19044633,98.89936760,185.70858779
2023-08-31,290.78899512,197.26584158,118.26634912,98.96692757,190.14339368
2023-09-01,295.76445645,197.40510458,117.64353401,99.59313847,190.46211186
2023-09-04,295.08145941,197.16694952,117.57385411,99.74925956,194.00179914
2023-09-05,290.52247164,195.35309747,117.38043489,99.08475819,192.26079539
2023-09-06,282.44179923,193.48788252,117.89219380,99.46083827,186.34559067
2023-09-07,285.77559577,190.77214626,117.34195666,100.05043507,189.15165215
2023-09-08,282.54149612,187.30064487,117.75033424,100.20367013,188.03779602
2023-09-11,280.92679228,188.63437158,118.05290999,100.39838013,191.16575297
2023-09-12,287.19415679,194.81182870,118.05342555,100.79607032,195.83418965
2023-09-13,288.40170254,195.77723147,118.31902475,99.99794462,199.78811457
2023-09-14,292.94286624,197.68208739,118.24146607,97.49845252,203.09273999
2023-09-15,295.02570482,197.59850807,117.40338413,97.18167086,204.61650075
2023-09-18,296.83735032,198.49104547,117.14015565,96.23638466,204.19913418
2023-09-19,293.85849293,197.87948989,117.90196981,95.75427239,203.32805481
2023-09-20,294.39032150,199.52577898,118.21094976,95.15693688,203.65327056
2023-09-21,295.14474321,199.74582415,118.34293930,95.52877850,208.77440812
2023-09-22,288.54719002,197.31337755,118.60248258,96.62168190,209.70633894
2023-09-25,289.26730833,197.53100408,118.61398783,93.64508168,207.43976928
2023-09-26,285.49838389,196.95817159,118.82242979,94.82302859,206.46490301
2023-09-27,283.84510491,190.99577204,118.24464914,94.67644823,205.31823439
2023-09-28,285.33348808,191.54886005,117.77559217,94.79099897,204.89090427
2023-09-29,285.16720935,187.82990594,117.83802907,94.90061082,204.48640537
2023-10-02,284.30276189,185.13018565,117.97481155,97.32694576,202.55016752
2023-10-03,281.70052302,181.70775501,117.83425130,97.10180120,201.05122125
2023-10-04,278.64050108,179.41187487,117.57721609,96.73454067,200.63013083
2023-10-05,277.22743256,181.04877208,117.52527656,96.58448517,194.47303783
2023-10-06,277.42598404,179.42630824,117.54383238,96.88267771,195.35076128
2023-10-09,269.91014507,176.92192576,117.48229945,97.43822297,192.21701272
2023-10-10,275.55510011,181.07272065,117.09786455,97.06735671,196.67663748
2023-10-11,273.84252238,180.24219918,117.06150700,97.91655163,195.89235393
2023-10-12,273.85822272,179.26660128,117.05521887,97.53214778,195.28306169
2023-10-13,277.23295051,182.15439989,116.97618751,98.88819935,195.71418988
2023-10-16,277.61775311,182.48459180,117.31427981,98.93284551,196.06710188
2023-10-17,278.99694604,179.95680937,117.57196636,99.71613662,192.28757579
2023-10-18,275.46239242,178.41304911,118.03796567,99.23772116,190.27831888
2023-10-19,275.96188501,180.50864986,117.71174057,99.27860490,186.97792934
2023-10-20,275.29336960,178.69750229,118.43163386,100.76584763,184.17022386
2023-10-23,283.39126013,182.01036371,118.77550650,100.32639570,190.17657651
2023-10-24,283.37305027,183.86136910,119.04522749,100.21580945,195.18521434
2023-10-25,290.47386302,188.28266663,118.45979397,99.73120510,200.89161455
2023-10-26,292.93888009,187.26606933,118.27141203,99.38686698,202.50142027
2023-10-27,295.19377823,186.96767314,118.07135832,99.94692738,205.67220621
2023-10-30,294.34294795,185.59460376,117.78735001,100.73567452,204.20393844
2023-10-31,298.96130428,187.12979389,117.91065643,101.00056740,205.89243530
2023-11-01,299.49775995,188.04311096,117.39171820,100.29558168,208.25703242
2023-11-02,296.23952085,189.51070555,117.51086723,100.91302505,206.11062188
2023-11-03,293.87796472,186.03420242,117.72375333,101.10051638,204.53003578
2023-11-06,294.07894591,186.55564067,117.86996849,101.61547666,205.57071523
2023-11-07,294.91148826,186.22852376,118.21084281,100.07497280,205.10970685
2023-11-08,297.06060693,186.67474007,117.89005171,99.82997499,204.58565385
2023-11-09,298.10370249,187.32264383,117.07788057,100.07178115,201.18698735
2023-11-10,299.82749711,188.65879419,117.07818242,100.23980631,201.52816324
2023-11-13,293.52052599,185.11737056,117.53143869,101.04641794,199.57302882
2023-11-14,290.77384508,179.87365619,117.16100966,101.58429900,196.71608772
2023-11-15,289.29924169,178.96262068,117.21583666,103.78002869,196.03638379
2023-11-16,288.15469974,177.42033002,116.78437390,104.65199704,197.48925683
2023-11-17,285.38245260,175.30410322,116.65316331,104.38819506,192.33626297
2023-11-20,281.56128776,171.81439158,116.28839812,103.27453631,190.02027332
2023-11-21,286.52789956,172.08952932,115.86255879,103.35569391,189.89347712
2023-11-22,286.77734715,170.77768871,116.10563551,102.30303635,189.27908683
2023-11-23,282.67940820,170.90133550,115.70965027,102.64452212,190.12472082
2023-11-24,285.74195829,172.30309680,115.08504531,104.28289371,190.91472629
2023-11-27,280.97213241,169.65053528,115.41794820,104.18952411,187.17111478
2023-11-28,284.79724252,171.56082762,115.43969123,105.02661314,188.46055592
2023-11-29,290.94454047,172.35353657,115.46216837,106.40288361,186.50180088
2023-11-30,286.99033317,172.93157801,115.80985345,107.48009906,184.65431889
2023-12-01,286.22006444,173.47308374,115.67766891,108.24632878,183.12397230
2023-12-04,281.84788906,169.94245557,116.17966391,109.46744743,181.75396768
2023-12-05,278.19889482,169.96123645,116.30149492,108.23049129,182.44342869
2023-12-06,276.53702988,170.19062084,116.41628079,108.58188230,180.92232354
2023-12-07,278.62919489,171.19227902,117.09326519,110.25140135,177.83490381
2023-12-08,283.03557545,173.43486339,116.88131615,110.88454893,178.20911430
2023-12-11,282.68165749,173.82798168,117.49571950,111.18078633,183.85911857
2023-12-12,279.72491150,173.49553470,118.12763821,112.09141201,181.98156898
2023-12-13,283.55627054,177.30673114,118.46650991,110.92706393,182.00977243
2023-12-14,290.41514205,179.51312476,118.60653700,111.29039200,184.13435236
2023-12-15,288.50782545,180.36171773,118.33544958,110.82528676,184.28068738
2023-12-18,284.05102329,179.17977226,118.55486895,113.01475554,184.19913537
2023-12-19,283.57140444,178.64746741,118.64403288,112.04025642,185.99422621
2023-12-20,286.09196757,180.74332921,119.45919132,110.60239545,186.39704783
2023-12-21,279.85900038,173.97214201,119.11425102,111.38642916,184.36454081
2023-12-22,278.57084655,169.58547367,118.91146623,111.85801672,182.83723529
2023-12-25,278.63173162,172.48452272,118.50639711,111.16335939,182.56429934
2023-12-26,284.05614344,172.89112613,118.71737741,112.10693411,187.28675595
2023-12-27,286.42165728,171.70978784,118.57326084,111.35942651,187.90193161
2023-12-28,292.22341224,175.66080819,118.26893113,112.51456625,192.55783510
2023-12-29,292.68179683,173.47607382,118.34642310,112.35749297,192.01440808
2024-01-01,293.04947930,171.99162188,118.70002955,113.67230570,194.31976531
2024-01-02,295.10492109,173.40652540,118.71252614,115.14082126,196.05046582
2024-01-03,297.78851399,174.01531795,118.71180574,115.21792511,198.78478954
2024-01-04,291.17367608,170.65852614,118.72969025,117.07582561,196.35528365
2024-01-05,288.95694891,169.16791643,119.10847838,116.25914435,194.10616374
2024-01-08,286.40525636,168.30267537,120.42916900,116.97060286,193.67717521
2024-01-09,287.02142138,169.07102661,120.26021616,117.48688710,190.32538513
2024-01-10,283.29732839,167.92980695,120.96289266,118.12019971,185.57285758
2024-01-11,282.56167570,166.48631515,119.63204727,117.46950286,183.99576447
2024-01-12,283.80134585,169.27126026,119.72594309,116.99696307,182.22367254
2024-01-15,285.11563398,170.12574664,120.20266696,117.76733322,180.92332900
2024-01-16,286.85207061,172.15742364,120.34669870,118.82656102,182.44851744
2024-01-17,288.83720530,170.95738648,120.08358602,120.74522856,182.69602285
2024-01-18,286.48172452,170.46329061,120.25225682,121.22718264,180.37485812
2024-01-19,285.91458671,167.83589302,120.18931374,122.07813392,180.65206621
2024-01-22,277.68990524,164.53649944,120.14298438,122.71066120,175.70237411
2024-01-23,273.95467013,163.38768427,120.31633579,123.65100167,175.62835561
2024-01-24,273.44162600,163.20755141,120.80040652,123.26698382,175.12638688
2024-01-25,270.16218773,160.12059279,121.32064591,124.78654562,176.77307408
2024-01-26,262.90827579,158.66618351,121.86636112,125.21774328,174.30526326
2024-01-29,262.29781663,156.52802418,121.66374507,124.83263813,172.64059559
2024-01-30,266.61482339,155.53233389,121.80876520,125.64511779,174.05635225
2024-01-31,266.80506961,157.65451872,121.89354475,124.83804123,173.17969474
2024-02-01,273.58862948,160.71802379,122.17449380,125.40982348,174.89452818
2024-02-02,271.45108228,156.43773061,122.04435366,123.10737824,172.54678902
2024-02-05,273.65257588,159.34826286,123.15046232,122.86645338,174.57521091
2024-02-06,280.28980910,164.47538192,123.78965180,124.32385414,177.19064672
2024-02-07,279.62515683,162.78907779,123.63576987,123.81896522,176.91985221
2024-02-08,276.71604003,160.12017704,123.79743837,124.31958774,175.00024706
2024-02-09,279.63951821,161.68859342,123.42566628,123.92490671,176.80640007
2024-02-12,276.95079067,160.67821904,123.80678841,122.14948673,176.99784622
2024-02-13,278.06008448,163.05750168,124.10652553,123.81311153,178.19045220
2024-02-14,278.11673679,166.18974469,124.86420937,123.64939732,181.19825053
2024-02-15,282.93295153,170.25576520,124.55813454,123.80465363,184.45451102
2024-02-16,280.26388992,165.84810948,124.34936314,123.02363843,179.07406327
2024-02-19,278.24426129,164.05563655,123.68180556,124.31412846,177.52061008
2024-02-20,279.92731010,164.02418357,124.29508507,123.72722632,174.67484161
2024-02-21,280.24935224,162.02404468,124.38933176,125.54228691,175.50647878
2024-02-22,284.80647921,162.91061888,124.10754955,125.61761963,178.41348377
2024-02-23,283.04197846,163.45869283,124.19048471,126.96858761,175.47717960
2024-02-26,281.79639870,162.87484933,124.84845706,128.45773811,179.59106388
2024-02-27,284.86057985,163.41823061,125.65736140,126.83279379,181.18424307
2024-02-28,279.74376180,158.76537771,125.89795115,127.03417319,179.24497069
2024-02-29,278.51806069,159.70820965,126.25509090,126.32899942,181.33184784
2024-03-01,280.16362986,160.47092492,126.54949499,125.94000516,184.84193117
2024-03-04,284.16182177,165.29706185,127.37246348,124.62218060,190.23590458
2024-03-05,289.59814502,168.69311257,127.92413182,125.07372889,194.42356632
2024-03-06,288.24975542,168.19994004,127.99327353,124.87042358,190.27571174
2024-03-07,284.80434037,167.23937991,128.75502223,125.77050415,188.36397805
2024-03-08,287.41490677,170.37087881,129.63915410,125.36525866,190.20266146
2024-03-11,288.15166602,167.64644122,129.59391719,124.75928223,188.84810865
2024-03-12,288.46121749,168.54836337,129.87995338,124.66079310,191.05644902
2024-03-13,282.86064935,168.50179879,130.51713039,124.31478269,185.57015501
2024-03-14,282.45620607,167.82898560,130.60235291,124.61213718,182.20601897
2024-03-15,277.90015451,168.66528514,130.77091624,124.59560186,183.03916266
2024-03-18,278.74465641,170.00351686,130.10033442,125.41711590,186.98519824
2024-03-19,282.00476725,170.51073457,130.02403008,126.36462145,190.34308279
2024-03-20,294.64467119,176.01314363,130.07391707,128.25282709,194.72789472
2024-03-21,298.08197828,173.48272152,129.92520531,129.58094149,194.07589711
2024-03-22,291.66342366,173.91631211,129.43035423,130.21559165,192.02725565
2024-03-25,288.97411669,175.74116204,129.48855768,130.91053690,188.00128484
2024-03-26,291.54611610,172.37385229,129.47937709,129.63007157,191.31055838
2024-03-27,290.94239683,173.75990856,129.43191110,129.77608716,192.06719646
2024-03-28,295.50262152,176.10009471,128.89125104,130.29293440,194.13278027
2024-03-29,289.36394432,176.29523960,128.30558292,131.24937115,192.78827824
2024-04-01,292.26409060,175.10464515,128.04004757,130.01709671,193.01608950
2024-04-02,291.11751840,174.23933659,128.32455968,129.91151901,193.39665127
2024-04-03,288.50674138,172.80188968,129.20989727,129.76449989,193.99579035
2024-04-04,291.28246467,172.49532548,129.30409412,131.36060634,197.93578419
2024-04-05,298.27870139,173.88682526,128.96618356,131.91254037,200.20199808
2024-04-08,295.58609875,173.07071291,129.72955566,130.64732857,199.89743706
2024-04-09,288.29430462,170.86596114,129.36910702,129.52430020,197.79832767
2024-04-10,289.56223524,170.49338585,129.01954957,127.87100936,202.08317858
2024-04-11,296.44943965,174.25151932,129.55690023,127.59484079,208.14740090
2024-04-12,295.94217504,174.87668007,130.05737803,126.82288904,205.44411444
2024-04-15,291.56111421,173.09878805,130.00650055,126.32428772,200.11079153
2024-04-16,290.13530675,170.58877468,130.02535357,125.70807543,199.27626352
2024-04-17,291.62898089,167.53280081,129.00080232,124.61592793,197.15642992
2024-04-18,290.21970517,165.05656859,129.41976213,124.82263674,195.30415821
2024-04-19,293.81806079,165.56662294,129.47854733,124.02630995,194.63927181
2024-04-22,296.20407625,164.05688674,129.41583764,123.86621621,191.57283569
2024-04-23,294.99701578,166.28415179,129.80898997,122.50154413,190.24226426
2024-04-24,294.57697768,165.39845957,130.42713893,123.23076492,188.65992035
2024-04-25,296.01421369,165.51742795,130.54967164,123.95907023,188.27973621
2024-04-26,292.05522990,162.88995530,130.46766386,124.58651840,188.89348029
2024-04-29,290.10410596,160.46799689,130.45251373,124.77322446,188.63545426
2024-04-30,283.98550461,155.81637908,130.46156254,124.42454446,183.83798007
2024-05-01,281.99316803,157.17731955,131.21561285,122.74861521,181.84957702
2024-05-02,278.68480640,156.89084190,131.15674723,124.17983918,182.80173974
2024-05-03,279.84323136,159.35089162,132.06766256,123.73621949,182.29103880
2024-05-06,280.56585053,158.90715589,131.99317461,124.37532455,182.08158006
2024-05-07,281.63932934,161.43106758,131.35575961,122.69549863,182.75304354
2024-05-08,278.35793610,161.70363727,131.86122196,121.82693056,183.59535049
2024-05-09,274.04270076,160.80391972,131.97501484,120.97336496,182.71659736
2024-05-10,274.36659194,159.91186725,131.77625841,120.77885290,182.73186073
2024-05-13,278.07889057,160.27215459,132.01038289,119.88800030,182.54528268
2024-05-14,283.10063942,160.17716768,131.81368972,120.85381949,182.69855410
2024-05-15,293.50623627,164.79554531,132.46966946,120.36010714,184.09462652
2024-05-16,294.55458992,164.14926977,131.46893449,120.09333379,183.48910170
2024-05-17,294.42811476,165.04627039,131.60230297,122.16051257,183.45937095
2024-05-20,290.94702265,162.44976916,132.08135593,122.81810989,181.67463059
2024-05-21,289.30574997,160.44757469,131.65099900,121.60091442,179.49744644
2024-05-22,290.54200445,160.99265081,132.34243307,122.32154433,180.40307082
2024-05-23,286.19272965,159.27948453,132.32706051,123.21161527,181.50235565
2024-05-24,280.90427319,157.12735806,131.77112479,122.72563039,183.03552017
2024-05-27,281.01334951,153.37909854,131.27687381,122.95105178,183.43818460
2024-05-28,277.77337080,152.91338873,131.15622786,123.21452076,184.23477753
2024-05-29,281.48839431,153.28239797,131.31549945,123.76271821,185.83220763
2024-05-30,280.65914934,154.87610793,130.52201727,124.46502457,186.62314338
2024-05-31,275.60932237,151.92856009,130.81105034,125.58910386,186.64365975
2024-06-03,274.66797518,150.26616202,131.03678768,125.29528202,185.42328016
2024-06-04,275.49384665,151.72546774,130.92931879,126.21616811,184.56345173
2024-06-05,274.83834842,150.62405389,131.70555508,125.39269208,184.60011835
2024-06-06,284.64088397,155.33765253,131.24492599,127.35187299,185.65857653
2024-06-07,277.65891794,153.25230128,130.89773140,129.52330330,183.81989210
2024-06-10,270.23932696,148.81416862,131.19417815,128.60169546,180.35091433
2024-06-11,275.40767873,151.43206150,131.05181911,131.47333206,181.37030035
2024-06-12,278.01997155,152.45297436,131.58867267,131.15565376,182.47016149
2024-06-13,278.03109095,156.50553769,131.23308805,132.10156347,185.64361045
2024-06-14,275.55200115,152.15826381,131.17124505,131.62643872,182.00341081
2024-06-17,281.32870233,156.04113244,130.64082560,133.66855880,186.24646729
2024-06-18,282.65629640,158.02283992,130.03635027,133.50881926,185.05966431
2024-06-19,277.22542075,154.99945452,130.16047712,133.29649837,180.36661643
2024-06-20,280.12736558,157.26815065,130.72285580,133.82798426,183.08093864
2024-06-21,282.37764370,158.37621533,130.66927430,135.26456880,180.80451812
2024-06-24,286.34196940,159.37123950,129.78784943,133.97420706,179.79245063
2024-06-25,286.57393421,157.87205145,129.49229891,136.30272703,179.99128894
2024-06-26,286.27766476,156.63998429,129.67107944,136.62246419,181.65262495
2024-06-27,285.12504621,155.58164263,129.96483915,133.92559774,182.08726805
2024-06-28,287.47264056,157.36064286,129.89515785,135.26749769,179.96560782
2024-07-01,291.98509873,159.23402417,130.12077083,135.02227598,177.77255621
2024-07-02,293.00104924,159.71554094,129.17145329,135.09862366,178.37505978
2024-07-03,292.52084543,159.90183101,129.16691998,134.70115117,175.71959116
2024-07-04,294.62789204,161.31234212,129.23332765,136.92810478,176.15820069
2024-07-05,294.80259477,161.69619618,128.72683282,138.74417873,176.95781504
2024-07-08,300.47132257,168.00646382,128.84069254,140.37384729,184.51623898
2024-07-09,309.08283626,170.28956938,129.03618735,139.27041066,187.28209522
2024-07-10,308.29903358,166.17962870,127.90125353,139.55596723,186.32334959
2024-07-11,308.46142994,169.61273391,127.83907876,138.20268340,189.09368602
2024-07-12,305.43701379,167.73042266,128.67983309,138.18101876,187.56679963
2024-07-15,302.38470895,164.87671133,128.60133235,137.46979555,186.74691966
2024-07-16,298.83076416,161.05531974,129.24137384,137.33286043,183.97248205
2024-07-17,300.21010679,162.18020987,128.93040222,137.10090539,185.25042929
2024-07-18,298.75371590,160.83769316,128.94876343,137.86173760,185.02963531
2024-07-19,299.94180400,160.54436172,128.37475669,139.68154152,181.59237657
2024-07-22,301.81034408,158.97496024,127.89034519,139.26361434,182.38412686
2024-07-23,299.14404052,158.78567697,127.60432120,139.55468808,182.87524010
2024-07-24,297.58089811,159.87505870,126.77280072,139.62844091,180.71233352
2024-07-25,296.98046971,158.67944542,126.73430214,141.11598022,180.07602639
2024-07-26,295.66045311,159.54065385,126.78440012,142.89042407,178.49716694
2024-07-29,300.77955018,160.71499703,127.16442620,144.52003524,180.70380261
2024-07-30,299.14017453,161.83921519,127.41728427,142.34091099,177.44688484
2024-07-31,300.30105789,162.58615061,127.62140314,142.96927429,177.26001506
2024-08-01,300.14045084,162.80899820,127.37778129,144.17503203,179.59451451
2024-08-02,309.24916905,170.50225232,128.05368820,144.34295142,184.60403768
2024-08-05,304.26044236,167.43360337,128.23994364,143.56815885,182.31969755
2024-08-06,309.19084494,167.87865106,128.45004685,142.71019670,183.41522742
2024-08-07,311.80064753,168.15281094,127.51803058,144.45142646,182.00521454
2024-08-08,306.35184123,167.59004844,127.62644933,145.19717284,180.01964808
2024-08-09,313.65419093,168.43955061,127.22529888,147.45153583,181.86114780
2024-08-12,313.82862819,168.37678979,126.75299115,147.02439036,181.51910663
2024-08-13,314.87324093,166.91669103,126.27987971,149.12552003,178.80674308
2024-08-14,312.25430027,165.52744046,126.39660896,149.46334893,180.60651894
2024-08-15,311.33552375,162.09840838,125.78122233,152.00017621,179.25597321
2024-08-16,308.64828356,161.21886899,126.45578783,151.40652896,178.77564809
2024-08-19,309.15086310,164.15627146,126.73898268,149.61027380,182.77222876
2024-08-20,308.91849154,163.15548530,126.85782531,150.16128964,182.33029478
2024-08-21,307.07888671,162.36721119,126.79133013,151.59405854,184.85744892
2024-08-22,305.70074083,164.34731308,126.91525527,153.27302366,183.88908475
2024-08-23,301.16011108,161.73360719,126.89824169,153.23640818,184.63466007
2024-08-26,304.82904649,165.79871590,127.28672119,153.13855971,187.63474281
2024-08-27,305.50185343,167.48882867,126.81609844,153.54001713,187.41969906
2024-08-28,302.75314538,165.49663558,126.76253247,153.89927633,186.25744309
2024-08-29,296.72555161,164.84662248,126.17612845,154.64133185,180.64154506
2024-08-30,301.08987407,166.02862167,126.94618484,155.72347484,182.94240090
2024-09-02,303.54542136,167.17178128,126.03796651,156.93006309,181.88941615
2024-09-03,304.69053423,167.19788475,125.76273486,156.42861939,179.98805899
2024-09-04,302.17403626,163.53215862,125.51777211,157.60185564,176.66993444
2024-09-05,293.18440151,160.26652463,126.28751474,160.05601998,171.85099090
2024-09-06,298.16884722,163.33212157,126.24721956,161.79193932,173.23564653
2024-09-09,296.51839984,161.43787223,125.73061207,162.06692617,172.04820908
2024-09-10,300.26095883,160.95149415,125.47543819,160.96162975,174.85404806
2024-09-11,301.14367490,161.15809975,125.62989902,161.80952919,171.10217073
2024-09-12,299.19782494,160.00615947,124.72183718,162.59086905,168.72716824
2024-09-13,300.39182496,161.12630143,124.57539631,161.43030565,166.96588168
2024-09-16,300.14017034,160.04125596,124.47674387,161.43212848,168.17175609
2024-09-17,299.14680834,159.92258861,124.74270160,162.66912121,169.30595161
2024-09-18,309.25008197,162.87731273,124.72680143,162.99446492,170.13542897
2024-09-19,303.49914743,163.48671322,124.25748129,162.09513959,169.62991537
2024-09-20,306.97346870,161.68466834,123.07346191,163.22575668,171.23262255
2024-09-23,309.06858694,164.03830246,123.64377866,161.97272109,172.44301240
2024-09-24,309.65462989,162.69386100,123.01655666,161.88425742,173.64003997
2024-09-25,311.85150210,163.59096145,123.06621010,161.27762067,176.45705960
2024-09-26,312.12550775,163.29398515,122.86064359,160.19271698,175.74887983
2024-09-27,313.25445255,164.47395594,122.80424093,159.59945540,174.13044235
2024-09-30,312.38105309,164.15493943,123.39921499,158.77785494,173.80737548
2024-10-01,322.67374983,170.10044339,123.89018560,156.57688508,178.08546993
2024-10-02,321.60107709,169.64379651,124.31900430,157.32837856,175.31305562
2024-10-03,325.04970428,172.58009149,123.61611704,157.91126088,179.31471762
2024-10-04,323.95032903,171.77227881,123.79271416,157.71369618,179.20654116
2024-10-07,325.83015713,172.32649450,123.77394418,154.67702676,183.08134447
2024-10-08,326.16252082,172.84608444,124.16772412,154.71620979,181.34429483
2024-10-09,324.63793262,173.85824023,124.67025518,154.31775577,181.26341832
2024-10-10,323.20378830,173.46381993,124.54675372,155.10939803,179.88952952
2024-10-11,325.49466005,176.75566209,124.24834520,154.33586336,180.79771685
2024-10-14,325.70761757,174.27799186,125.06751746,154.31484529,177.24661836
2024-10-15,331.66987929,176.61471952,124.75433182,152.22457577,176.77568148
2024-10-16,334.77731193,179.42682423,124.77905401,155.88180428,176.81278953
2024-10-17,336.75856587,177.58227420,125.16992281,157.93639698,174.08717930
2024-10-18,341.52639586,177.54873862,125.32022287,159.77975473,172.77920870
2024-10-21,340.59403336,176.36278217,124.43205246,160.95539732,173.44974446
2024-10-22,343.58797163,176.86684668,124.54378735,161.99456336,174.46193934
2024-10-23,346.15691195,178.82826949,125.19106728,160.59937261,174.02250825
2024-10-24,341.83318500,179.88032873,124.73536576,164.29758510,172.95200654
2024-10-25,342.83383145,180.77046868,124.47989980,166.22409001,173.01640326
2024-10-28,345.32222365,181.71346150,125.31923994,164.75497584,175.39063071
2024-10-29,348.76386332,182.75548514,125.02177403,163.83289904,176.84636696
2024-10-30,347.18223984,182.91810020,125.00064633,160.17256431,178.36977610
2024-10-31,355.52438648,187.15164211,125.14848055,161.62625657,179.19639004
