annual_return_estimate,annual_volatility,sharpe_estimate
0.05869310344240486,0.04624632292534006,0.6204407535000551
0.06446910758382438,0.046461371592128015,0.741887430410352
0.07024511172473877,0.04710037294056506,0.8544542051826894
0.07602111586605921,0.048146173948913455,0.9558623685215552
0.08179712000824747,0.04957303511825795,1.0448648117809187
0.08757312414971141,0.051349200245518645,1.1212078060502206
0.09334912829117528,0.0534398515247659,1.1854285983900437
0.0991251324321989,0.05580965782208977,1.2385872827344016
0.10490113657410288,0.058424659961417644,1.2820123664145575
0.11067714071499786,0.06125346265359682,1.3171033476302663
0.11645314485652318,0.0642678402675539,1.3452007177557155
0.12222914899915381,0.06744291444219379,1.3675142861479486
0.12800515313910052,0.0707570557200431,1.385093714567026
0.13378115728466203,0.07419230852779451,1.3988128869959977
0.13955716142188665,0.07775184446044005,1.4090618966297201
0.1453331655634532,0.0814279102236705,1.4163837097949576
0.15110916970464164,0.08520542461376804,1.4213786299830498
0.15688517384603148,0.08907148128119113,1.4245319828629066
0.1626611779896471,0.09301504042732789,1.4262336217903868
0.16843718213591669,0.09702665246177182,1.4267954074831188
0.17421318627020088,0.10109821661288591,1.426466174199749
0.17998919041919256,0.10522277364032163,1.425444181236792
0.18576519455298052,0.10939432962587217,1.4238872808645235
0.19154119870245837,0.1136077074511011,1.4219211207301998
0.19731720283576012,0.11785842185171193,1.419645708868193
0.20309320697714991,0.12214257482785208,1.4171406425737114
0.20886921111853968,0.12645676788354324,1.414469261805459
0.2146452152599295,0.1307980285604518,1.4116819442319863
0.22042121940131926,0.13516374876727388,1.4088187190574906
0.22619722355219898,0.13955163296119158,1.40591134183833
0.23197322768409886,0.14395965446328104,1.4029849435045358
0.23774923182548874,0.14838601868110712,1.4000593430029125
0.24352523596687853,0.15282913184548938,1.3971500942814559
0.24930124010826835,0.15728757457293194,1.3942693229501202
0.2550772442496581,0.1617600793249027,1.3914263963581517
0.2608532483910479,0.16624551117289016,1.3886284613782305
0.26662925253243774,0.17074285133160277,1.3858808769268811
0.27240525667382753,0.17525118302119844,1.3831875625313532
0.27818126081634187,0.17976967929521248,1.3805512797783095
0.2839572649564271,0.18444461623711966,1.3768754552854114
